title,label
자궁선근증치료 사람에 따라 다르기에,0
안산 피부과 투명한 피부로 관리를,0
배에서 꾸르륵소리 안나게하는법 꿀팁 공개,0
수원치아교정 고른 치열을,0
서울대입구역교통사고한의원 또는 한방병원 집중적인 케어를,0
조현병 및 우울증 추락사망 자살 상해사망보험금 보상사례 (아파트 투신),0
담적병 완치 혹은 진단 방법 체크,0
수원임플란트 차이가 생기던 경우,0
수원정형외과잘하는곳 통증 회복이 필요하다면,0
"은평구 치과 잘하는곳'발치즉시임플란트'수면으로<15년경력 서울대,컬럼비아대 전문의>",0
서울구안와사치료병원 적절한 한방 치료를,0
종아리보톡스 후기 살펴본 뒤 또각라인술 받아본 후기,0
수원정자동정형외과 무릎 움직임이 이상하다면,0
부산한방병원 통증의 원인부터 파악을,0
안산치과잘하는곳 치아손실 관리하려면,0
동탄무릎통증 불편함이 지속적으로 이어진다면,0
서울한방병원 입원 통증 케어를,0
부산다이어트병원 건강까지 고려하여 감량을,0
수원 인계동 치과 타입별 체크사항,0
송정동한의원 사고 후 미세한 증상도,0
포항한방병원 조기 검진을,0
동래한방병원 교통사고 후유증 미리 예방을,0
해운대좌동피부과 얼룩진 얼굴이 신경쓰인다면,0
부산성장클리닉 원활한 성장을,0
오산역 치과 양심진료 추천하는 이유,0
쌍수가격 여러 부분을 꼼꼼하게 알아보고,0
경성대피부과 스킨장벽이 무너졌다면,0
담적병 완치 꼼꼼히 알아보기,0
코비염 다래추출물 영양제 및 비염에 관한 모든 것,0
얼굴 지방흡입 가격 붓기 회복 과정,0
센텀여드름 종류에 따라 다른 케어를 받아야 하는 이유,0
사당동비뇨기과 [요로결석 24시간 응급진료] 당일검사 당일치료 가능한 메가비뇨의학과,0
처진눈꺼풀 상안검 개인 눈 특징에 맞게 조절을,0
춘천임플란트 씹어먹는 즐거움을 다시 찾기 위해,0
대구리프팅 반월당 나에게 필요한 탄력 관리,0
임신중절수술 가격 찾아본다면​,0
라섹수술회복기간 구체적으로 고려하고,0
방배동비뇨기과 [요로결석 24시간 응급 진료] 야간쇄석술 가능한 메가비뇨의학과,0
"불광동치과, 뿌리만남은치아 확인하지 않으면",0
대전 체형교정 다온체형교정원 어깨와 허리통증 관리 받고 왔어요!,0
노안 증상 치료 방법 강남안과추천 IOK 실제 노안수술후기 및 비용,0
인천치과 치료시기를 놓치게 되면,0
요오드 영양제 뉴로랩스 그랜티정 포뮬러 갑상선저하증 증상,0
시선적 기억이 건강 간수에 미치는 영향,0
"여성의 고혈압, 주의해야 할 요인들",0
혈관이 건강에 미치는 영향과 중요성,0
집안을 건강하게 만들기 위한 방식,0
유전자가 심혈관 건강에 미치는 영향,0
요가와 함께하는 건강 삶의 비결,0
공동체의 힘 - 디톡스 프로그램의 다양한 효과,0
건강에 도움이되는 식습관으로 삶을 변화시키기,0
직장 내 건강 증진을 위한 방법,0
스트레스 정도 간수로 정신 건강 향상하기,0
마음 챙기기 - 건강을 유지하는데 도움이 되는 삶을 위한 시작,0
감정 조절로 건강하게 사는데 참고할 수 있는 삶 만들기,0
면역 경로와 건강 예방 방법,0
"건강을 유지하는데 좋은 장, 간 건강의 비밀",0
"섬유소, 장수의 비결로 떠오르다",0
건강에 좋은 식습관으로 체중 조절하기,0
면역 신호 전달이 건강 유지의 주요,0
혈압과 건강 - 다이astolic 혈압 이해하기,0
신체 건강함을 위해 꼭 필요한 복근 컨디션,0
건강하게 사는데 긍정적인 뼈를 위한 필수 생활습관,0
"아연의효능, 부작용 아연 영양제 추천, 음식 체크",0
토사자 효능 부작용 제대로 이해하기,0
홍진경 다이어트 건강한 다이어트 아침 식단 올리브오일 효능 추천,0
43살 한예슬 다이어트 운동루틴 아침운동 유산소 vs 저녁 근력운동 헬스 효과,0
공효진 살안찌는 이유 저탄고지 식단 효과 건강한 다이어트,0
운동한 만큼 살이 빠지지 않는 이유 : 에너지의 보상 효과,0
스쿼트 운동 효과 무릎통증 없는 방법 매일 스쿼트 100개 칼로리,0
체지방 줄이는법 체중감량 식단,0
담도암 초기 증상과 좋은 음식을 통한 관리법,0
백해삼 효능과 가격 '푹쉬면 다행이야' 이대호,0
팔자주름 없애는 운동 효과 있는 관리법 알아보기,0
"현대인의 필수템으로 자리잡은, 릴렉스파 무선 롱팔 손마사지기 상세리뷰",0
다이어트약 위고비 가격 국내 출시 후기 의사 처방 vs 삭센다 효과 부작용,0
양파 효능 부작용 / 양파즙 당뇨 혈당 혈압 효과,0
오른쪽 갈비뼈쪽 통증 가슴 밑 안쪽 찌릿 원인 5가지,0
58살 김희애 몸매비결 프리다이빙 + 실내자전거 운동 효과 다이어트 칼로리,0
"부산불면증한의원, 졸피뎀 중독으로부터 벗어나려면 알아야 할 1가지?",0
대추 효능 (대추차 대추즙 말린대추 대추씨 효능),0
카무트효소 이영애 건강미식 한 달 섭취 후기,0
전자담배액상 베이핑두 4가지 신상 맛 출시! (디저트도?),0
신장동한의원 조속한 대처로,0
강남역브라질리언제모 인그로운 헤어와 염증? 레이저 제모로 고민 끝!,0
몸붓기 빼는약 눈 성형 부종제거 발효효소 효능 키토나제12,0
시흥동교통사고한의원 예상치 못한 증상케어를,0
"대상포진 예방접종 비용 및 종류 (feat, 부작용은?)",0
은평구써마지 더 나은 모습으로,0
"2024년 독감접종 시작됐어요!! (무료접종시기,대상,부작용,가격)",0
"용인보청기 한미보청기 용인점 전국 최저 가격 정찰제 운영 및 추가 할인 방법 (ft. 외이도 내시경, 청력검사)",0
"차장 이야기 (feat 버스 안내원, 안내양, 삥땅)",0
귀리 오트밀 효능 부작용(칼로리 차이),0
소변자주마려움 산수유즙 마셔봐요,0
안산치과잘하는곳 치아 손실의 관한 대처,0
부산다이어트한약 건강한 방법으로,0
부산 교통사고 입원 치료는 집중 관리로,0
조증과 우울증 사이를 오가는 '조울증',0
자연산 송이버섯 가격 현제 시세,0
존슨앤드존슨 서지컬비전 10월 세계 시력의 날 기념 퀴즈 이벤트,0
최소 내원! 최소 절개! 수진동 임플란트 통해 흔들리는 어금니 완성할 수 있다?,0
비타민C 제대로 고르는 방법,0
가슴수술가격 비교한다면,0
갑자기 한쪽 눈두덩이 빨갛게 부음! 다래끼 빨리 낫는 법 염증 원인 병원 방문 시기까지 총정리,0
간에 좋은 7가지 차 이 한잔으로 시작 하세요.,0
생리전 질염 하얀색 냉 발견 2년 후 해결 후기,0
매일 스쿼트 100개 칼로리 : 스쿼트 뱃살 쏙~빼고 무릎통증 없이 하는 꿀팁! 다이어트운동 추천 여자 뱃살빼는운동,0
잠이 많아 고민이라면? 과다수면증 원인과 치료방법 알아보기,0
줄넘기 1000개 칼로리 다이어트 효과 복싱 스마트 노라인 줄넘기 뱃살 빼는 운동 추천,0
혈행개선 혈액순환영양제 인슐린저항성 관리,0
길동역한의원 외상이 보이지 않아도,0
공복혈당 낮추는법 혈행개선 영양제 복용해요,0
"금정구한의원 늘어난 사고, 후유증 대처는",0
위내시경 전 금식시간 물 전날 음식,0
대구쥬베룩 볼륨 충족할 수 있는 3가지 기준은,0
수원치과 잘하는곳 골다공증 주사 맞으시는분 임플란트 과정입니다,0
"고지혈증 좋은 음식, 이것만큼은 꼭 챙기세요! : 고지혈증 식이요법",0
부산한방병원 후유증 및 통증을 관리하려면,0
명지한방병원 후유증 관리는 신속하게,0
평택성형외과 탄력적인 동안 눈매,0
오분도미 효능 부작용 오분도미쌀 먹는법,0
가루유산균이 힘들면 캡슐유산균 비타민D 프로바이오틱스,0
부평임플란트 신속히 빈자리를 채워야 하기 때문에,0
부평치과 치아를 정상적으로 살리기 위해,0
위염에 좋은 음식 Vs 안좋은 음식 7가지 ( 만성  Vs 급성 ) 위염약,0
"식모 이야기 (feat 보릿고개, 통일벼, 혼분식장려운동)",0
잠실역산부인과 추천 여성검진 꼼꼼하게 진행해요!,0
인계동임플란트 잘하는곳 찾는 이유,0
시나노골드 황금사과라고 불리는 이유,0
멜라토닌 역할은?,0
마그네슘 효능 확인! 마그네슘영양제,0
저분자피쉬콜라겐 효능 건강위해 저분자콜라겐,0
오메가3추천 선택은? 식물성알티지 오메가3효능,0
밀크씨슬 효능 선택은? ft. 밀크시슬,0
콘드로이친효능 선택은?,0
루테인 효능 추천 굿! 눈영양제,0
글루타치온 효과 높이는법 ft. 글루타치온필름,0
칼마디 칼슘마그네슘비타민d 먹을때,0
아르기닌 시작할때,0
비오틴 필요해요,0
자궁경부암주사남자 가다실9가접종 주기 비용 알아보기,0
아침 공복 운동 vs 저녁 식후 운동 다이어트 효과 차이,0
국민행복카드 지금 특별하게!,0
야근할 때 마시는 건강한 에너지드링크 클린에너지 에너린,0
소변거품냄새 여자소변거품 남자소변거품 원인 치료,0
김나영 전참시 건강한 다이어트 식단 바질김밥 레시피 만들기,0
환절기 감기 예방 비법! 모과의 효능과 활용법 총정리,0
"고지혈증: 증상, 수치, 그리고 콜레스테롤 낮추는 음식",0
하늘마 효능 및 먹는법 알아보기,0
명치 위 통증 생기는 원인과 방치하면 안되는 이유?,0
사과대추 효능 칼로리와 먹는 방법은?,0
아티초크 효능 유럽의 불로초라 불리는 이유,0
하늘마 효능 열매마 먹는법,0
백지영 56kg 유지비결 40대 헬스장 여자 상체 하체 운동루틴,0
포비돈 소독 스틱 요오드 가격 사용법 효능 부작용,0
골반 고관절 통증 원인 스트레칭 운동 요가 개구리자세 효과,0
위내시경 금식시간 대장내시경 전음식 내시경 후식사 (수면내시경 vs 비수면내시경),0
"식이섬유가 많은 음식 5가지, 의외로 적은 음식은?",0
"신장기능에 좋은 음식 5가지, 의외로 신장에 안좋은 음식은? : 신장병에 좋은 음식",0
수원임플란트 차이로 느껴진 경우!,0
대구 내성발톱 병원 알맞은 케어로 치료된 엄지발톱,0
검단교통사고병원 증상 파악으로,0
수원 신경치료 치과 - '신경치료'에 대해 자세히 알려드립니다,0
"린매스업 이란(뜻) , 식단 예시, 체지방 관리 방법",0
"강남여의사산부인과 소음순 수술, 성감과 기능을 모두 잡는 방법",0
위고비 가격 국내 10월 중순 출시? 처방 예상 일정,0
급성 기관지염 원인 증상 면역력이 중요한 이유,0
은평구임플란트의 '모든것'을 알려드립니다.<15년경력 서울대전문의>,0
"출산후붓기, 몸붓기빼기 방법 추천 붓기빼는차 붓기차",0
수원사랑니발치 필요한 경우에는,0
질입구 가려움 진짜 고생하다가 7개월만에 해결한 후기,0
천연 신경안정제 생대추ㆍ말린대추 효능,0
아파트 계단오르기 효과 칼로리 계단운동 기구 스텝밀 운동 방법 (+최화정 다이어트),0
용인 수지구에서 분당까지? 양쪽 아래 어금니 최소절개 임플란트 동시 수술 금광동 치과,0
비대면진료 어플 닥터나우 편리하게,0
홍삼의효능 발효홍삼 준비!,0
한가인 취미운동 맨발 걷기 운동 다이어트 하루 만보걷기 유산소운동 효과,0
독감예방접종 시기 독감주사 가격 무료,0
하체 스트레칭 하체비만 운동 허벅지 셀룰라이트 제거 여자 하체운동,0
"술먹고 약 시간 언제부터 가능한지, 항생제, 감기약, 알러지약",0
프로폴리스추천 닥터케이디 프로유더블 프로폴리스필름,0
숙면을 위한 국화차 효능과 간편 레시피 - 불면증에 좋은 천연 차 추천,0
"두피만지면통증 원인, 왼쪽 오른쪽 머리 두피통증",0
건대입구역 정형외과 야간진료 도수치료하는 곳 있어요!,0
아르기닌 효능과 부작용 활기찬 일상을 위한 선택,0
허벅지 안쪽살 빼는 운동 스트레칭 와이드 스쿼트 효과 자세,0
<엄지손가락 부음> 원인과 해결 방법!!,0
단백질커피 제누 스테비아커피믹스 저당간식 좋아요,0
왜 Gnosis 비타민 K2를 선택해야 할까? 콴첼 비타민 K2+D3 관절영양제 추천,0
대구필러 탄력재생에는 쥬베룩이 나은 이유,0
비타민C의 섭취방법,0
동래 한방병원 후유증 치료는 체계적으로,0
"보기 흉하게 울퉁불퉁 튀어나온 손등 핏줄, 이유가 뭘까?",0
어린이 틱장애증상 세밀히 살펴 관리를 받기 위해서는,0
아이 식욕부진 및 식욕저하는 한약을 통한 관리로,0
스마일라식 회복기간 짧은 방법으로,0
초등ADHD치료 적절한 관리의 시기를 놓치지 않고,0
코성형수술비용 효과 비교하고,0
부평 치과추천 분석 비교 정리,0
[생각] 심리테스트 (자기방어기제 / 성인애착유형 테스트),0
구포동한의원 부작용을 막아서,0
송도한의원 추천 면밀한 관리로,0
평촌역한의원 교통사고 증후를 방치하면,0
연신내한의원 교통사고 증상이 가벼워도,0
의처증 의부증 뜻 증상 원인 알아봅시다. (진단 테스트),0
클리어틴 크레오신 가격 블랙헤드 약국 사용법,0
블랙마카 효능 남성건강에 좋은 식품 알아보기,0
어금니 잇몸 염증 예방 해결 방법  알아보기,0
스텝퍼 운동효과 : 계단오르기 효과 칼로리 & 아파트 계단운동 2배효과 계단 오르기 운동기구 사용법 무릎 부담X,0
목감기 좋은차 & 목감기 병원 내과 이비인후과 차이,0
마르부르크병이란 무엇일까? 또다른 전염병의 시작,0
혈압정상 수치저혈압 정확한 성인 기준과 올바른 관리법,0
쥬브젠 자가진피재생술로 어려웠던 패인 주름과 흉터를 채우자,0
요즘 독감 증상 고열 독감예방접종 시기 참고!,0
"체지방줄이는법 운동, 식단 병행",0
항암치료에좋은음식 단백질 식단 중요한이유,0
밤 알밤 보관법 오래 먹는 생밤 깐밤 보관방법,0
"히카마 효능 부작용 먹는법 알아보기 (feat, 칼로리는?",0
부산안면홍조? 피부과 3번 넘게 다녀도 열이 안 빠지는 분만 보세요.,0
운동 후 발생하는 허벅지 뒷근육 통증 해결법,0
부산 센텀 피부과 볼록한 눈밑을 매끄럽게,0
뉴로랩스 덴마크 유산균 부작용 효능 온가족 유산균 추천,0
대구피부과유명한곳 탄력 관리가 필요하다면,0
성동구한의원 여한의사진료로 세심하게,0
"주근깨 레이저 후기, 회차 등 관리방법",0
뇌영양제 성분 무엇보다 중요해,0
어린이한의원 우리아이의 건강한 성장을 위한 단계,0
수험생보약 개인 체질에 따라 알맞은 복용을,0
난임한의원 강서구 부부 모두 방문해서 검사를,0
평택피부과추천 2가지만 확인하세요,0
구래동산부인과 이상 징후가 느껴진다면 서둘러야,0
"갱년기영양제, 한번에 갱년기유산균",0
"비타민C 추천, 섭취 방법은?",0
수원 권선구 치과 '당뇨'가 있으면 임플란트 식립이 가능할까요?,0
인계동 임플란트 치과 '뼈이식 임플란트'에 대해 자세히 알려드립니다,0
광동침향환프리미엄 부모님 선물하기 좋아,0
치아교정영양제 + 임플란트영양제 잇타민 하나로 가족 치아 건강 챙기기,0
수원 여의사산부인과 여성질환 꼼꼼한 진료가 필요해요!,0
인공관절 염증 걱정으로 수술 미루면 통증 악화,0
"집에서도 정확한 체성분 측정이 가능한, 앳플리 아이그립X 스마트 체중계 상세리뷰",0
40대 여자 남자 뱃살 빼는 운동 방법 벽 스쿼트 효과 자세 (+허리통증 완화 운동),0
히카마 효능 7가지 놀라운 슈퍼푸드,0
"의외로 당뇨에 안좋은 음식, 당뇨환자에 좋은 음식 5가지 선정",0
신정동임플란트 치아 상실했을 때 가장 먼저 해야 할 것은?,0
부산교통사고병원 한의원 한방치료로,0
트리메부틴 말레산염 효능 효과 성분 부작용,0
순천 국대찜닭 박대성 구속 여학생 가해자 인스타 묻지마 칼부림 범인 신상 범행동기,0
"동탄역치과 환자의 만족, 안전을 생각하는 맞춤 임플란트 치료",0
신정동치과 네비게이션 임플란트를 선호하는 사람이 많은 이유,0
양천구청역치과 인공치아 정확하게 식립 유지하려면,0
양천구임플란트 디지털 장비와 정품 재료까지 남플란트에서,0
"주절주절.. 우니 군함말이(feat 성게알, 명반, 백화현상, 해녀, 돌돔)",0
"위고비 가격 및 처방, 부작용은?",0
"탈모 치료제, 바르는 미녹시딜(minoxidil)은 보통 어떻게, 얼마나 사용될까? 부작용과 여성 사용?",0
"중ㆍ노년 다이어트 필수, 항산화 효과 페놀산 듬뿍 국산 고구마 효능",0
인천안면마비 치료가 필요할 땐,0
살 빠지는 야채 VS 살찌는 야채 따로 있다? 다이어트에 좋은 야채 추천,0
렌즈삽입술 진행하기 위한,0
부천야간진료한방병원  양한방 협진을 통해,0
"삼시세끼 오분도미 효능과 보관 방법, 현미와 차이는?",0
"평택코수술, 코 라인 고민이라면",0
가장 쉬운 8체질 자가진단 테스트 항목,0
GN Hearing 본사방문 및 위드히어링 정기세미나,0
당뇨진단비 다음 다뇨 다식 생긴다면,0
부산교통사고한방병원 불편한 통증을 해소하는,0
박카스 한박스 가격 박카스D F 효능 차이,0
족저근막염 자가치료 방법은 따로 있었어요,0
"8체질 자가진단 테스트, 식단 관리 방법",0
장전동한의원 허리디스크 추나치료 보험적용 개선을 위한,0
금천구추나요법을 통해 뻐근한 몸 관리를,0
턱살리프팅 어떤 관리가 좋을까? 효과 총정리,0
다정동한의원 교통사고 발빠른 조치를,0
당뇨에좋은음식 바나바잎 효능 30가지 혈당관리 방법 혈당스파이크 혈당낮추는법,0
울산정신과에서 말해주는 우울증 치료,0
"강남역산부인과 질건조증, 나이와 상관없다? 원인부터 해결방법까지",0
연산동교통사고병원 후유증 케어는 신속하게,0
2대주요치료비 이런 점은 좋습니다,0
"한성대산부인과 여의사, 산부인과 내원 망설이지마세요!",0
사과대추의 효능 부작용 칼로리 생대추 왕대추 보관법,0
장안구 치과 추천 - 예전에 치료 받았던 치아에 문제가 생겼어요,0
삼시세끼 오분도미쌀 오분도미 효능 (쌀눈의 효능),0
갱년기 태반주사 효능 효과 부작용 비용,0
다이어트 할때 비타민 중요성,0
종로5가약국 성지 비타민 영양제 탈모약 프로바이오틱스 방문 후기,0
부산눈밑지방재배치수술 눈매가 젊어지려면,0
"송도써마지, 피부탄력에 효과적인",0
입냄새제거 고민안녕 캔디보다 더 효과적인 오랄비 전동칫솔,0
안성한의원 초기에 증상을 찾아,0
커큐민 영양제 흡수 수용성 강황추출물 근력개선 바로큐민,0
오분도미 현미와 백미 차이점과 효능은?,0
기미 주근깨 레이저 후기 꼼꼼히 살펴보는 이유,0
중입자 암치료 보험 실제로 받는 금액은,0
염증 수치 낮추는 방법! 염증 높으면 증상 & CRP 정상수치,0
천안목디스크 체계적인 개선 방법으로,0
정릉산부인과 여의사 다양한 검진은 건강관리엔 필수!,0
동탄피부과 후기보다 중요한 것,0
혈압정상 수치저혈압 기준 표 기립성 어지러움 올바른 관리법,0
"강남역레이저제모, 생식기 흰털 새치까지 문제없이 깔끔하게",0
위경련 응급처치 급성 위경련 초기 증상,0
콧대 필러 부작용 걱정없이 진행하는 방법,0
골다공증 영양제 MSM효능 추천,0
부산한방병원 작은 충격에도 빠르게,0
"비중격만곡증수술후기 및 비염수술 후기 포함한 남자 코성형, 코수술 붓기 관련 1주차 후기 공유",0
부산 교통사고병원 한방 케어로 시작을,0
40대남성 올인원 건강기능식품 찾는 중이라면 센트룸 원데이팩 맨 40,0
"수근관증후군, '이 증상' 반복된다면 서둘러야 합니다.",0
부천사랑니치과 발치 과정과 관리법,0
"불광역 피부과, 더이상 방치하지 말고",0
부산한방병원 후유증 철저히 케어해요,0
부산 교통사고 한방병원 후유증에 따른 맞춤 케어를,0
익스트림 트리플 아르기닌 김종국 아르기닌효능 궁금하면,0
"카모마일 vs 라벤더 차, 불안 완화와 숙면에 탁월한 천연 수면 보조차 추천",0
"눈의 피로와 두통을 한 번에 해결해 준, 릴렉스파 무선 온열 눈&헤드 마사지기 상세리뷰",0
'백내장'이란? 원인 및 치료방법 알아보기,0
위암 항암치료 부작용 5가지와 대처법,0
고함량 비타민 추천 바이탈뷰티 에너지샷 바디 앤 브레인 기억력 개선 종합비타민,0
"아르기닌 효능 부작용 고르는 법, 엘아르기닌 후기",0
위암 초기 내시경 절제 수술,0
"2024년 독감 예방접종 시기(어린이, 65세 이상 어르신, 임신부 무료 백신 주사)",0
바이탈뷰티 기억력 개선 효과 고함량 종합비타민 에너지샷 바디 앤 브레인 후기,0
코재수술후기 체계적으로 문제 해결해야,0
암요양원 비용 실비 알아보자,0
고함량비타민 영양제추천! 바이탈뷰티 에너지샷 바디 앤 브레인 기억력 개선을 위해,0
통풍 초기 증상: 빠르게 알아차리고 관리하는 방법,0
랭킹닭컴 고독한 닭가슴살 볶음밥 추천 후기,0
작약과 인삼영양탕으로 신체 경직 완화하는 방법,0
"공복혈당 낮추는 음식 5가지, 의외로 높이는 음식 정리",0
시흥한의원 증상을 줄이려면,0
부천성장클리닉 바른 성장을 위해,0
축농증한의원 만성으로 진행되지 않게 집중적인 관리를,0
급성 부비동염 증상 감기로 착각하기 쉬운 원인을 파악하여,0
부산한방병원 통증을 완화하기 위한,0
"강남질성형수술, 잘못된 오해와 진실",0
의정부안과 소아 안검진 미리 받아야 하는 이유,0
홍대입구역산부인과 생리불순 더이상 방치하면 안되요,0
부산 교통사고입원 후유증 및 통증 관리는,0
부산 교통사고병원 한의원 통증 완화를,0
뉴트원 칼슘마그네슘비타민D 영양제 추천,0
"부천역산부인과 여의사, 여성질환 빠른 해결이 필요해요!",0
8체질 자가진단 테스트 해봤다.,0
우루사100MG 200MG 가격 효과 차이,0
부산한방병원 초기에 치료를,0
부산교통사고입원 사소한 부분까지 관리를,0
면역항암제 종류 비용 그리고 급여조건,0
"진짜 사과 식초 다이어트(애사비,애플사이다비네거)가 효과가 있을까? 논문으로 살펴본 효과/효능과 부작용.(혈당, 지질 수치, BMI)",0
아르기닌 먹는시간 오르니틴 시트룰린  헤라클레스 아르기닌,0
판시딜 가격 효과 부작용 탈모약,0
임팩타민 프리미엄 종류 원스 가격 임펙타민,0
쥐젖 원인과 효과적인 제거 방법 알아보기,0
대구모발이식 비용 차이를 비교하여,0
부산건선 한의원 적절한 한방케어를 통해,0
슬림웨이 다이어트 내돈내산 체중 감량 후기,0
부평임플란트 앞으로의 삶을 위한다면,0
위내시경 전 금식 시간 전날 음식 당일 물 주의할 점까지 정리,0
"전신을 편하게 마사지 해 줄, 릴렉스파 무선 쿠션형 마사지기 상세리뷰",0
복부 지방흡입수술 1편 준비과정,0
"부산불면증한의원, 스틸녹스 졸피뎀 끊고 푹 자려면 알아야 할 1가지",0
파주교통사고병원 한의원 통증 케어,0
익스트림 블랙마카 아르기닌 효능,0
당신의 눈이 붉게 충혈되고 가렵다면? 안건염 증상과 예방법 알아보기,0
동탄피부과 실패하지 않는 방법,0
부산한방병원 후유증 회복에 알맞은,0
부산 성장 클리닉 부정 요인을 파악해서,0
박용우 스위치온 다이어트 방법 및 1주차 후기,0
포포열매 먹는법 영양성분 효능,0
신정네거리역치과 치아 기능과 심미성을 안전하게 되찾는 치료,0
공릉동교통사고병원 찾다 한의원 어깨통증 힘겨우면,0
축농증치료한의원에서 증상에 맞는 축농증 약 처방 받아요,0
오연서 다이어트 분홍이 초록이 grn 광고에서 봤다!,0
"리보트릴정 약 처방전, 복약지도서 보며 효능 부작용 주의사항 확인하기 ( 리보트릴 )",0
성신여대 셀프사진관 추억 만들고왔어요!,0
임산부 영양제 엽산으로 준비해요,0
거북목교정 강남역도수치료 vs 한방병원 추나요법? 한큐에받기,0
에이치성형외과 입니다. 피하는 자가 범인이다.  - CT 조작은 범죄,0
칸디다질염 증상이 이어질 때,0
임산부 오메가3 식물성 골라요,0
<조기마감>천재래곤과 함께하는 미소다이어트 3기모집,0
"생리 늦어질때 해결법, 생리주기계산 방법",0
골전도 이어폰 애프터샥 오픈무브(AS660) 언박싱 후기,0
아찔한 빈혈증상 수치 관리는 핵산 섭취죠!,0
오류동임플란트 치아 상실 문제로 고민 중이라면,0
분당안과 추천 백내장 고민이라면,0
답십리역교통사고한의원 빠른 대처가,0
"원주비뇨기과 지긋지긋한 조루증, 하이맨에서 개선하세요",0
답십리한의원 조기에 예방해야,0
"눈 다래끼, 원인과 증상 그리고 치료와 예방은 근처 안과에서(feat. 강남역, 신논현역, 반포역, 고터, 신사역, 압구정역, 역삼역, 서초역)",0
"서산보철치료, 늦어지면 안 되는 이유 <안내>",0
"선릉역정형외과, '다양한 접근을 통해 통증의 숨은 원인을 찾아 치료합니다' 광동 통증재활센터 원장 신상훈",0
중랑구치과 허전한 잇몸에 딱 맞는 임플란트를,0
부산리쥬란힐러 인체와 유사한 성분으로 재생을,0
천안다이어트한의원 건강을 생각한다면,0
신도림 주변 치과 어려운 케이스도 치료해,0
대전수면센터 코골이 소음부터 건강까지 책임지는 기기 <양압기 안내>,0
안양교정치과 치아교정으로 자신감을 높이는,0
화성치과 차이로 느껴지는 이유,0
대구라섹 수술 내 눈에 맞게,0
구미교통사고한의원 지속적인 관리로,0
부산임플란트잘하는곳 정교하게,0
노원 정형외과 지속적인 통증 치료는?,0
"관계후 통증, 빠르게 회복한 노하우 공유 3가지 (찐사용템 알려드림)",0
갑상선 초음파 병원 주기적인 검사가 중요한 이유는? 수유역내과,0
부산 피부과 후기 확인 만족감 비교,0
대구동성로성형외과 안면 주름 개선 시술 비교 분석,0
"위고비출시일, 효능부터 가격까지 의사가 알려드립니다",0
중화역치과 사랑니 발치 두렵다면,0
대구수면센터 코골이 없애기 위해 필요한 검사&치료법,0
오산임플란트 차이가 느껴지는 이유,0
동탄피부과 고민되는 경우라면,0
구월동교정치과 내게 적합한 방법으로,0
인천치과 치아 손실 후 자연적 복구는 어렵기 때문에,0
분당치과 나이 들면 준비할 것,0
대구 라식 수술 정밀 검사가 필요한 이유,0
이천 교통사고 한의원 뒤늦은 후유증 관리하려면,0
갑자기 한쪽귀 먹먹 한 증상 치료하려면,0
어지럼증한의원 한의학적 맞춤 치료로,0
강남치과 상황에 맞는 재료로,0
본오동치과 수면 임플란트 빠른 시기에,0
동탄치과 추천 치료로 치아 건강 회복,0
김해내동임플란트 결과가 안정적일 수 있는 이유,0
부산치과잘하는곳 차이를 확인하면서,0
광주가슴성형 비용 걱정없이 시작할 수 있도록,0
부산 연산동 피부과 탄력 관리 비교,0
복부초음파 금식 시간 및 검사 비용 실비까지 총정리!,0
동탄임플란트 후회없는 선택을 위해서,0
"양주 옥정 산후풍의 증상과 체계적 관리, 감동한의원",0
안성 피부과 하나여성의원 가을맞이 이벤트,0
비중격만곡증수술후기 / 비염수술후기 (매부리코수술 + 비염수술코성형) 공유,0
김해임플란트 손실된 치아에 적절한 대처 방법은,0
김해사랑니발치 정교한 분석으로 두렵지 않게,0
인천임플란트 꾸준한 유지가 필요하기 때문에,0
고3 수험생 영양제 집중력 향상과 면역력 증진을 원한다면 필독!,0
청주턱관절 원인이 되는 치열을 교정하려면,0
"간 기능 검사 ALT, AST 수치로 알 수 있는 것은?",0
검단치과 임플란트 차이 확인하는 방법,0
해운대 교통사고병원 후유증 케어 철저하게,0
두정동산후관리 제대로 하지 않는다면,0
양악수술잘하는곳 콤플렉스를 줄이는 치료 방안,0
부산임플란트잘하는곳 차이를 비교하는 이유,0
구리교통사고병원 한의원에서 정밀 검사와 치료를,0
"부산어깨통증치료 ,당리어깨통증원인肩の痛み알고해요!",0
가락동한의원 다이어트한약간 수치에 영향 없이 감량하는 방법,0
울산교정치과 고른치열 고민이라면,0
마이코플라즈마 질염 원인별 증상 치료법 산부인과 전문의가 정리해 드립니다.,0
사하구야간진료 한의원 사하구야간진료[夜間診療] 교통사고 입원치료ლ(✿◡◡)ლ,0
용인한의원 사고 후 통증을 개선하려면,0
상봉역치과 미리 예측하는 방법으로,0
강릉정형외과 혹은 입원실한의원 체계적 통증 케어를,0
김해치과 치아 손실 염려된다면,0
김해삼계동치과 앞니부터 전체임플란트까지,0
청주치아교정 치과 맞춤별 적합한 과정,0
야탑역치과 임플란트 식립을 편안하게,0
부산이마거상 제대로 하는 곳으로,0
옥련동사랑니 깔끔하게 제거,0
대전 코골이 해결하기 위한 치료 과정 <총정리>,0
연산동한방병원 교통사고 후유증 치료는,0
장지역 치과 정밀 검사를 통해,0
대구 백내장 수술 선명한 시력 되찾기,0
석촌역정형외과 비스테로이드 주사로 통증 개선하기,0
구리한의원 맞는 방법으로,0
김해허리통증에 대한 원인과 예방법,0
동탄치과추천 임플란트 전 걱정된다면,0
고덕동피부과 여드름 흉터의 종류에 따라서,0
배곧임플란트 안정적으로 진행되는 방법,0
시흥시치과 수면 임플란트 당뇨도 문제 없기에,0
하남치아교정 티 나지 않게 하고싶다면,0
김해임플란트 치아 상실 상황에서의 올바른 선택은,0
심장초음파검사 비용 가격 금식 실비 시간 총정리 했습니다.,0
대장내시경 검사 금식 시간 및 장정결이 중요한 이유,0
부산치과잘하는곳 고민했다면,0
송파한의원 출산후 다이어트 시기 놓치기 전에 시작하세요,0
정수리탈모병원? 100명의 치료법이 다 달라야 합니다,0
안산임플란트 치아를 오랜기간 사용,0
구미교통사고병원 한의원 후유증 개선을,0
부평 치과 추천 인지사항 살펴보기,0
대구 모공 피부과 시술 후기 개선 효과 및 부작용 여부,0
울산치아교정 고른 치열 원한다면,0
서면턱보톡스 솔직후기 비교 참고,0
급성 심근경색 전조증상 궁금하시다면? 원인과 예방법까지,0
심장초음파 검사 방법 및 소요되는 시간과 준비사항은?,0
부산리프팅 늘어짐 되돌리려면,0
대전어지럼증치료 질환별로 다른 치료방법 <안내>,0
고혈압 초기증상 및 유산소 운동은 관리에 얼마나 도움이 될까?,0
은평구정형외과 테니스 좋아하시는 분들이라면? '테니스엘보'주의,0
권선동허리디스크 치료 병원 한의원 지속적인 점검을,0
산본야간진료한의원 밤에도 꼼꼼하게,0
지방간 초기증상 및 빼는법 알아보신다면 필독!,0
"태안보철치료 무엇이고, 왜 해야 할까?",0
"건선증상, 하얀 가루에서 해방되는 방법",0
정릉동한의원 교통사고 혹은 한방병원 초기에 치료해야,0
양주치과 다양한 요소를 신중하게 고려하면서,0
부천상동교통사고병원 건강한 일상으로의 복귀를,0
가산동치과 맞춤형 임플란트 치료로 개선을,0
왼쪽 배아래 통증 소화기를 바로잡으면 해결됩니다,0
미사도수치료 잘하는곳 튼튼한 건강을 지키기 위해,0
휜코수술(휜코교정) 및 매부리코교정 2주차 후기,0
고양시교통사고한의원 복합적인 치료 방식으로,0
부평치과추천 체계적인 치료를 원하신다면,0
부산울쎄라후기 시술 및 기간 경과 후 느낀 점,0
"강남흉터 치료 성형외과, 자연스럽게 개선해",0
중화동치과 사랑니가 고민이라면,0
부천임플란트 치아 상실로 우려한다면,0
에이즈 걸리면 나타나는 초기증상 및 예방법까지 총정리!,0
대전사랑니발치 사후관리까지 꼼꼼하게,0
대구코필러 볼륨을 채우려면 주의할 3가지,0
사당역치과 잇몸치료 후 식사 주의해야 할 부분까지,0
독감백신접종시기 언제 맞아야 하는지 알려드릴게요,0
대전수면클리닉 수면질환 종류 2가지와 치료법,0
위말트림프종 증상과 치료 후 완치 생존율은?,0
철산 정형외과 통증 원인은 치료를,0
내시경이마거상술후기 회복도 빠르고 젊어 보이는 인상 개선!,0
대구수성구정신과 우울증과 성인 ADHD 치료상담은,0
옥련동한의원 올바른 판단으로,0
운양동교통사고병원 통증 꼼꼼히 관리,0
석남동한의원 초반에 관리해요,0
사당동치과추천 치아 신경치료 후 통증을 관리하는 방법,0
부산코수술 2차까지 필요하지 않으려면,0
대구백내장 수술 최선의 선택,0
본오동치과 디오나비 풀아치 임플란트,0
"골반(힙딥,힙업)지방이식 주의사항/부작용/회복기간/관리방법 - 이젠 나도 애플힙!!",0
부산전체임플란트 부담을 낮추면서,0
세종불안장애 마음의 평안함을,0
부산안면윤곽 수술 절개가 필요하다면,0
교대역치과 차이가 발생하는 이유,0
은계지구치과 사랑니가 고민이라면,0
지족동한의원 일요일진료 차근차근 개선하여,0
장유임플란트 치아의 기능을 잃어버렸다면,0
"옴니핏 맥파 뇌파검사를 통한 ADHD, 치매, 우울증 등 조기 진단",0
대구 수성구 백내장 수술 안과 시력 되찾기!,0
도화역치과 세라핀 투명 교정의 차이점은?,0
강남역 정형외과 거북목 증상은,0
쯔쯔가무시 증상 피부 물린자국 감기와의 차이점 총정리 했습니다.,0
2024 최신 지방흡입 트렌드 - 최신 기술과 경향 소개,0
침샘보톡스 효과 원한다면 전후 비교를,0
대구 주간보호센터입소 노인 놀이치료 치유와 즐거움이 있어요.,0
강동구구안와사병원 요일을 파악해,0
용인허리디스크 치료 병원 아닌 한의원에서 신속히,0
오금역치과 1대1 맞춤 진단을 토대로,0
일산다이어트한의원 무리하지 않는 감량을,0
서울대입구역한의원 또는 한방병원 교통사고 이후에는,0
산재지정병원 산재신청한의원 증상 치료를 통해,0
대구용산역교통사고한의원 꼼꼼한 진단을 통해서,0
"치아 깨졌을 때, 일산 치과에서는 어떤 치료가 이루어질까요?",0
태안 한의원 내부 증상까지 파악하여,0
까치산역야간진료한의원 가해진 충격에 대응을,0
부평시장역한의원 교정을 통한 통증완화,0
난임한의원 착상한약을 통한 임신성공률을 높여,0
금천구한의원 사고로 어떤 부위에 아픔이 생기면,0
대구시지한의원 교통사고치료 빠짐없이 받아서,0
"산양유 단백질 분말 효능과 가루 가격, 100% 네덜란드 산양유",0
라미네이트치료전후 건강미에 만족,0
[기능성신발]무지외반증 교정도 현장에서 효과 검증 ok,0
어깨회전근개파열의심 해봐야할 수 있습니다,0
배 모과차 신장환자에게 이럴 줄이야!,0
성북구피부과 푸석하고 탄력 떨어진 피부를 위해,0
역류성 식도염에 피해야 할 나쁜 음식 TOP 7과 지압법,0
우울증초기증상 5가지 & 우울증 자가진단 테스트 방법,0
몸에 좋은 기름 생들기름 효능 일반 들기름 차이,0
알레르기 눈 가려움증 원인 및 증상 예방 팁 알아보기,0
"폐 염증에 좋은 음식 (feat, 폐렴에 안좋은 음식)",0
8체질 자가 진단 테스트 특징과 음식 알아보기,0
키토산 효능 다이어트 할 때 효과와 갑각류 알레르기 주의,0
자외선 피부 영향 형광등 괜찮은지,0
"[EBS 명의] 생존율이 가장 낮은 췌장암, 살 수 있는 방법이 있다",0
볶은 작두콩차 효능 부작용 비염: 물대신 먹어도 괜찮을까?,0
히카마 효능 부작용 먹는법 (멕시코 인디언 감자 효능),0
이제는 nTG(엔티지)! 뉴트리 내츄럴TG 식물성 오메가3 업,0
"위고비 가격 국내 처방 그리고, 출시일은 언제일까요?",0
까치산교통사고한의원 손상 정도를 파악해야,0
"구미과민성대장증후군 증상과 검사, 삼성연합의원에서 확인하세요",0
부산암한방병원 폐암 수술 후 면역 케어를,0
발목 접질렀을때 병원 정형외과 갈지 고민된다면,0
은평구임플란트 잇몸뼈가 부족하다면,0
천안목디스크 병원 개인에 맞는 다양한 호전방향,0
인천지루성피부염 상황에 적합한 치료로,0
제품이 장 건강상태에 미치는 영향 이해하기,0
건강에 도움이되는 삶을 위한 뼈 건강 케어,0
호매실 필라테스 리프레쉬&제로핏 강사님들 실력 너무 좋은데요?,0
"스위치온 다이어트 1주차 후기 (몸무게 변화, 식단)",0
카무트 효소 효능 1개월 섭취 후기 및 선정 차이,0
치과 신경치료 비용 가입 전 유의사항 꼭 체크하세요,0
물 대신 탄산수 부작용 건강 문제 없나 [해운대PT],0
부모님선물 메디트리 녹용 흑염소진액,0
빈혈에 걸리는 이유와 증상! 빈혈에 좋은 <바이탈라이즈 비타민B12 500 아연> 소개!,0
천안흑자제거 강하게 받을까 약하게 받을까,0
종로 오메가3 종로5가 미래약국 종로약국 추천 후기,0
"고지혈증 관리 요령 : 원인, 증상, 검사 정상 수치, 치료, 예방법",0
여자 질염 균 종류 증상 치료방법 1년만에 충격후기,0
목디스크베개 아주 현명한 선택이였죠,0
퇴행성 관절염 초기 증상 및 관리 방법 공유,0
눈떨림병원? 왼쪽 눈밑 떨림 / 눈아래 / 한쪽 계속 떨리신다면 <필독>,0
리포좀 비타민C 효능 먹는방법 추천 후기,0
"위내시경 금식 시간과 전날 음식, 검사 후 식사 및 물 섭취 시간 총정리",0
인천피부한의원 화농 현상이 심해졌다면?,0
지강인홍삼생알칡즙 맛도 좋은 생칡 칡즙 매일 한포씩!,0
LDL 콜레스테롤 낮추는 음식 종류 및 정상수치 되는 방법 5가지는?,0
안산라미네이트 선택하는 이유는?,0
부산난임한의원 착상을 유지할 수 있는 힘을 길러,0
자가늑코재수술 안정적인 재건 위해선 [DL성형외과],0
소아 서혜부 탈장수술해 본 후기 & 방법과 비용,0
사과대추효능 먹는법 내용 정리,0
특정순환계질환 뇌심보험 진단비,0
슈퍼콜라겐 골드 100입 기획 4만원 가격 인하 피부 관절 연골 뼈 건강식품,0
체중 감량에 효과적인 연꽃 잎차의 놀라운 효능과 섭취 방법,0
교통사고 MRI 합의금 500만원,0
나토키나제 추천 닥터포틴 나토레드 고혈압 콜레스테롤 낮추는방법으로 선택,0
수원허리통증 디스크 벗어나고 싶다면,0
더서울에서 벌써 몇 번째 수술 중? 태평역 임플란트 잘하는 곳 찾는다면 이리로,0
해운대헬스장 pt 피티 비만으로 생기는 여성질환 해결법,0
상추의 효능 상추가루 효능 핵심 사항 정리,0
강남역안과 손상 적은 시력교정술 정보,0
청경채의 효능 건강한 채소,0
"≪하늘도시필라테스≫필라테스빛 심리적안정""숙면과 스트레스""",0
잠실치과 강남 치과 송파구 삼전동 서울더편한치과의원 스케일링 후기 임플란트 가격,0
수원요양원 마음 편히 할머니 모신 후기,0
부천피부과 추천 한의원진료 찾을 때,0
진해한의원 사고후유증 위험성을 간과하면,0
위건강 그린세라F 영양제 선택 시 확인 필수!,0
비타민D 결핍 증상 개선위한 영양제 선택기준 종결 포스팅,0
용인정형외과 통증을 케어하려면,0
파주 운정 안경 낚시 편광렌즈 변색렌즈 선글라스 저렴한곳,0
의정부 헬스장 해답은 쥬비스 의정부점 가격 한달후기,0
독감예방접종 시기 무료 가격 부작용,0
"성인 배꼽 진물, 배꼽 주변 통증과 염증, 냄새와 피 원인과 해결법",0
혈당정상수치 식후혈당 인슐린저항성영양제 관리법,0
다이어트효소 아일로 카모트 브랜드밀 함유 효소로 탄수화물을 분해하고 속은 편안하게,0
급성빈혈 원인 증상 치료 예방 (만성 빈혈 비교 차이),0
커큐민 효능 부작용 완벽정리,0
78살 윤여정 최화정 여자 근력운동 종류 : 푸시업 팔굽혀펴기 스쿼트 효과,0
벤포벨B 가격 성분 완벽정리,0
노즈그린 연질캡슐 효능 부작용 복용법 가격,0
앞니 임플란트 치료 사례 (해외 거주 환자의 치과치료),0
2024 요즘 코로나 증상 순서,0
강황 울금 차이 완벽정리,0
루테인 지아잔틴 아스타잔틴 눈건강 루테인 추천,0
질 입구 가려움 가려움증 2년만에 해결한 리얼후기,0
드림렌즈가격 합리적인 치료과정 알아보자면,0
칼슘 섭취시간 언제? 칼슘 마그네슘 영양제 추천,0
수원척추교정 조속한 진행으로 예방하여,0
KB생명종신보험 어렵지 않게 좋은 내용으로 구성 가능해요,0
해운대 교통사고병원 한방 치료로 케어를,0
스위치온 다이어트 식단 효과 부작용 단계별 먹어도 되는 음식 제로콜라 먹어도 되나,0
병아리콩효능 부작용 알고 챙겨요,0
수원임플란트치과 잘 알아보고 해야,0
아침에 사과 효능 사과 1개 칼로리: 부작용은 무엇일까요?,0
핑크필로 모공 청소와 리프팅 효과까지 완벽하게,0
평발족저근막염치료깔창 오캄풋풋 찐후기,0
인공관절 통증 심해지기 전 수술해야 하는 이유,0
비타민젤리 고용량 구미 멀티 비타민 추천 비타민B군 아기 젤리,0
콩팥이 안 좋으면 피해야 할 음식과 신장에 좋은 차 추천,0
비타민젤리 고함량 멀티 비타민 추천 비타민C 비오틴 비타민B 군 구미,0
신경치료 후 씌우는 크라운치료와 치아뿌리금 생겨서 어금니잇몸염증과 통증으로 부러진치아 임플란트수술까지 수면치료로 ! 강일동 하남미사치과,0
라이신 베타글루칸 효능 좋은 시너지를 가진 라이프노말,0
아로나민실버프리미엄 가격 성분 완벽정리,0
인천편평사마귀 치료 증상에 따른 차이,0
"최현석 나이, 동안 이유 & 피부과 관리 추천 (흑백요리사 안유성, 에드워드리 동갑 논란)",0
"폐 건강에 좋은 약초 4가지, 맥문동, 도라지, 더덕, 오미자 섭취 법과 효능",0
강남피부과 추천 찾을 때 한의원은 이런 분들에게,0
라식수술나이 조건 및 제한 알아보고,0
"≪하늘도시필라테스≫필라테스빛 탄탄하고매끈 ""팔뚝라인""",0
구파발역치과 임플란트후 '이것 하나' 꼭 확인하세요.<15년경력 서울대전문의>,0
부산 서면 피부과 탄력을 되찾고,0
그레인온 르셀란테 파로효소 추천 발효 소화효소 효능,0
가지차만들기 가지의효능 및 영양성분 총정리,0
러닝페이스 UP 혈당도 잡는 이것! 마효능 마먹는법 고르는법 마보관법  장마 산마 안동마 마쥬스 마즙 마분말 냉동보관 뮤신,0
쯔쯔가무시 증상 물린 자국 치료 자금정으로 관리 물만골역 한의원,0
포스파티딜세린 효능 대해 알아보자,0
"간 건강 회복을 위한 5가지 약초 추천, 밀크시슬, 울금, 결명자, 두릅, 도라지 효능과 먹는 법 총정리",0
라미실 원스 가격 사용법 후기 무좀약 크림 연고,0
아로나민씨플러스 가격 성분 완벽정리,0
밤 먹고 건강 챙기자! 밤의 놀라운 효능 5가지 🌰,0
꾸지뽕 열매 먹는 법: 차 즙 효소 청 뿌리 효능 및 부작용과 만들기(구찌뽕),0
승모근마사지기 한달 사용 찐후기! 센시안 신제품으로 시원하게!,0
찐밤 칼로리 및 밤 효능 보관방법,0
환절기 목이 칼칼할때 건조할때 수분충전 링티 효능 및 후기,0
퇴행성관절염 증상 이런 통증 있다면 바로 병원으로,0
아로나민골드프리미엄 가격 성분 완벽정리,0
자궁근종수술회복기간 걱정할 필요 없습니다,0
팔자필러 가격 주름 후기와 부작용 알아보면?,0
왜성 호두묘목 재배 모습,0
광주 재활병원 간병인 함께하는 요양병원,0
인천울쎄라 후기 꼼꼼하게 알아봐야하는 이유,0
코메키나 가격 부작용 캡슐 항히스타민제 효능,0
눈피로 눈노화 더블케어 아이클리어 루지아(루테인지아잔틴 아스타잔틴)  세계 눈의 날 기념 12일 체험분 무료구매기회!,0
청주사마귀 치료 재발하지 않도록,0
혈당잡는 팥 효능 팥제철 팥 영양성분 칼로리 혈당지수 태화시장 국화빵 붕어빵 팥효능 풀빵 팥삶는법,0
은평구치과잘하는곳 '임상90000여개' 서울대전문의가 말하는 임플란트성공법,0
인천습진 치료를 생각할 때,0
서울아산병원근처요양병원 혹은 한방병원 고려할때는,0
일산임플란트 참고 사항은,0
올리브영 단백질 쉐이크 추천 다이어트 프로틴 파우치,0
앱테크 어플 추천 모바일 두뇌 게임 기억력 테스트 앱 다함께 뇌운동,0
피를 맑게하는 음식 10가지 왜 먹어야 할까,0
연교패독산 한방 감기약으로 환절기 감기 기침 가래 콧물 예방 양정역 한의원,0
여드름 흉터 피부과 비용 고민해결,0
허니듀멜론 고르는법 후숙 완벽정리,0
대구아이랑가볼만한곳 수성못 놀이공원 아르떼 아이스링크,0
수험생 선물 추천 셀렉스 릴렉스샷 스트레스 긴장 푸는 법!,0
퇴행성관절염 류마티스관절염 쉽게 구분할 수 있는 방법,0
22기 도수치료 인증의 교육과정 3주 차 강의하고 왔습니다 어깨도수치료와 프롤로 인대강화주사,0
허벅지 뒷근육 통증 원인과 해결법 알아보기,0
수원치과추천 비교해보면서,0
고척동임플란트 잃어버린 치아 기능을 되찾고 싶을때,0
신정네거리역치과 치아 미백 몇회로 하얀 치아 가능할까?,0
양천구청역임플란트 디지털 기술로 안전하게 치료하고 싶다면,0
"오메가3 먹는시간 효능, 닥터트루 식물성 Omega-3 후기",0
정량뇌파의 기초   대한신경외과도수의학연구회 강의록,0
"스트레스 해소와 건강 개선을 위한 약초 4가지, 대추, 감초, 황기, 백출의 효과와 섭취 방법",0
"타이레놀 복용법 500mg, 650mg ER 서방정 용량별 효능과 부작용, 어린이 및 임산부 가이드",0
"대구허리디스크통증, 응급실 경증/중증 구분하는 방법 [서부통신경외과] 대명동, 송현동, 성당동, 서부정류장역",0
마른 기침에 딱! 용각산 쿨 복숭아 복용법과 효과,0
아로나민골드 가격 성분 완벽정리,0
진해피자 맛집 창원맥주 술집 다이노브루잉,0
관절 건강 관절에 좋은 음식,0
적혈구 수치 낮으면 이렇게 해보세요,0
"≪영종하늘도시필라테스≫필라테스빛 허리통증?!""대표적 허리질환""",0
다이어트부터 피부 건강까지! 여주물의 다양한 효능,0
팔달구정형외과 수술 후 재활치료까지,0
천안여드름치료 눈치 채지 못한 부분까지,0
테프효소 소화부터 시작해서 내 몸에 필요한 영양분 챙기기,0
"코젤코 비용 부작용 그리고, 회복과정은 어떨까요?",0
30대 요실금 증세 원인 고흡수 여성 성인용 기저귀 팬티 추천,0
여자 요실금 증세 원인 케겔운동 방법 효과 복압성 절박성 할머니 요실금 팬티 추천,0
옆으로 누워서 자면 좋은 자세 왼쪽 오른쪽 비교,0
부천임플란트 치아치를 상실했을 경우,0
"방광에 좋은 영양제, 논문 결과로 선택한 성분 공개",0
"기립성 저혈압 수치 관리 방법, 때를 아십니까?",0
염증주사 여의도피부과 여드름 배농 후기,0
씬지로이드정 갑상샘저하증 약 효과 부작용 총정리,0
전포동피티 등운동 하기 귀찮을때 풀다운머신하나만으로도 충분하다,0
오메가3 효능 80가지 올리브영 신상 닥터브라이언 렛잇츄 초임계 알티지 오메가3 츄어블 멜론향 RTG오메가3 추천,0
요실금 관리 테나 여성 성인기저귀 요실금팬티 추천,0
부천교통사고병원 또는 한의원의 추나 관리로 통증 회복을,0
이뮨비타민 추천 후기! 닥터피엔티 이뮨베타원 베타글루칸,0
마가보감 프리미엄으로 하루 한 포 간편한 건강 관리,0
"왕십리레이저제모, 확실한 효과 원한다면",0
강남스마일라식가격 내돈내산 후기 - 강남역 스마트라식 추천,0
노원역피부과 추천 한의원진료는 이런 분들께,0
"잇몸영양제, 잇몸에 좋은 영양제는?",0
인천 구월동 치과 임플란트 식립 잘하는 병원,0
수원야간진료병원 회복에 집중하려면,0
항암치료의료보험 효도하는 마음으로 보장사항 꼼꼼히 파악해보세요,0
서귀포 올레시장 술집 : 제주달빛좋은밤 후기,0
천안신경외과 허리디스크 개선이 필요하다면,0
골프 자외선 차단 마스크 테니스 여자 쿨마스크 쿨 팔토시 햇빛가리개 추천,0
허벅지 안쪽 찌릿 아파요 좌골신경통을 의심 정확한 원인 파악과 예방치료법 연제 이마트 근처 한의원,0
"코스트코 추천템 루테인 아스타잔틴 할인 정보, 눈건강을 위한 선택!",0
"오던톨로지 혀클리너 리뷰, 백태 입냄새 때문에 사용해 본 후기",0
분당피부과 추천 살필 때 한의원도 고민해보세요,0
청주건선 한의원 내 몸을 튼튼하게,0
금천구산후보약으로 출산 후 회복,0
임신중절수술 금액 보다 안정적이고 신뢰할 수 있는,0
치태 제거 오랄비 iO10 전동 칫솔 추천 비교 후기,0
자궁근종 하이푸 후기 정말 효과 있을까요? 장기 연구 결과로 알아본 진실,0
압구정역산부인과 산후 관리의 필수 코스 질 레이저,0
스키피 땅콩버터의 영양 성분과 다이어트 활용법,0
"교통사고로 손톱 들림, 손톱뽑힘 03. 부천 예손병원(정형외과) 수부외과 전문의 진료",0
의정부정형외과 고관절 통증 괴사를 의심해야!,0
신용산 에이펙스 이엠에스 스튜디오 슬림톡 다이어트관리후기 및 효과,0
WPS포스파티딜세린 닥터트루 포스파티딜세린 솔직후기,0
메리츠화재운전자보험청구서류 구체적으로 알아보고 가입 진행하세요,0
무릎관절염수술 로봇 활용해 통증 줄이고 안전하게,0
시험관아기 사전 준비가 필요한 만큼,0
계란후라이 칼로리 1인분에 대한 열량 정보,0
부모님 생신선물 추천 클럭 온열 스트레칭 마사지기,0
발 찜질팩 오색약손 수족냉증 온찜질 하는법,0
L아르기닌 효능 오르니틴 함유로 흡수력 업,0
제주교정치과 치아 교정 스크류 Mini Screw 역할과 통증 원인,0
천안여드름피부과 찾을 때 한의원도 알아보세요,0
주례한의원 365일 입원상담이 가능하기에,0
수원정형외과추천 어깨 결림 관리하려면,0
2024년 독감 예방접종 시기 무료 접종 일정과 대상 알아보기,0
왕십리 헬스장 파크짐 직장인 운동 핫스팟 추천,0
천안척추병원 허리디스크가 심해진다면,0
"오분도미 효능과 영양소, 그리고 효과적인 섭취 방법",0
글루텐분해효소 라바자임 발효 효소로 변비 더부룩함 탈출,0
"스위치온 다이어트 식단, 어떻게 효과를 극대화할까?",0
지방간 초기증상 없애는 법 간건강 정보,0
저분자 콜라겐 펩타이드 추천 효능 알아보기,0
고혈압 정상 수치 증상 고혈압에 좋은 음식 안좋은 음식 낮추는 방법,0
천연종합영양제 고단백음식 양송이버섯 효능,0
"부천자반증한의원 - 부천자반증, 붉은반점 왜 생길까요?(인천자반증한의원, 부천자반증병원, 인천자반증 병원, 부천자반증피부과, 인천자반증피부과)추천 전문 잘하는 잘보는",0
유기농주스 테일러푸룬 아이들도 맛있게 즐겨요.,0
서면여드름피부과 흉터 걱정에는,0
시흥 비뇨기과 요로결석 해결방법은?,0
인모드가격 알맞은 케어로,0
양방향척추내시경 수술이란 무엇일까?,0
가래 생기는 이유 가래색깔 별 정리 맥문동 효능,0
"엄지손가락 통증, 왜 생길까? 원인과 해결법",0
스트레스 긴장완화 도움 테아닌 영양제 스트레스 포뮬러,0
강남코재수술유명한곳 원인 염증 분석,0
강남이쁜이수술비용 보다 더 중요한 것은?,0
여자 체지방 줄이는법 다이어트 유산균 닥터비노,0
허벌라이프 CR7 드라이브 호날두와 공동개발한  전해질음료,0
해양심층수 천년동안으로 알아보는 건강한 물 선택법,0
수면마취로 하루에 다 뽑는 사랑니발치와 통증을 줄이기 위한 방법들 ! 강동구청역 강동역사랑니,0
암 다빈치 로봇수술 후기 - 자궁적출수술 후 회복 통증 관리 보험 우울증,0
카무트효소 효능 먹는법 고르는법 선택기준,0
"남성갱년기 증상, 나이에 따른 변화와 관리 방법",0
혈당스파이크 기준 당뇨수치 및 졸음 예방,0
가슴보형물제거 안전함이 필요하면,0
가슴재수술 고려한다면,0
"오타니50-50기념, 100살까지걷기 만다라트 [서부통신경외과] 대구대명동, 송현동, 성당동, 서부정류장역",0
"벤포벨S 가격, 복용 후기, 벤포벨B와 벤포벨G 효능 차이점 알아봅시다!",0
리포좀 글루타치온과 뇌 치매 예방  착한양건강멘토의 건강 칼럼,0
"2024 코로나 격리 기간 연차, 회사 출근 궁금증",0
자연산 산삼 담금주(+산삼 효능 및 복용법),0
역할을 중요히 알아야 하는 건강이기에,0
결절성 양진 (Prurigo nodularis) - 원인 증상 치료,0
HDL콜레스테롤낮으면 정상수치 만드는 방법,0
퇴행성관절염 예방 위해 해야 하는 운동은?,0
무릎 인공관절치환술 후 오래 쓸 수 있는 방법은?,0
작전동한방병원 초기에 관리를,0
낙태수술 비용 꼼꼼히 알아보고,0
그린세라F 영양제 양배추 매실 감초추출물 함유 뉴로랩스 프로니카,0
카뮤트효소 이영애 건강미식 골드 챙겨요,0
혈관을 위해 먹으면 안되는 음식 5가지! 루원시티헬스장 터닝포인트짐,0
왼쪽으로 누워서 자면 소화 수면무호흡증 심혈관 개선,0
"대상포진 초기증상과 병원 치료, 빠른 대처로 통증 완화",0
"손목 통증 콩알뼈 석회성 건염 : 증상, 진단, 치료법",0
드리클로 부작용 가려움 사용법 약국 손 얼굴 착색 효능 효과 가격 다한증바르는약 손다한증약,0
"소팔메토 효능 탈모 전립선 건강! 초임계 쏘팔메토, 옥타코사놀",0
평택재활병원 일상으로의 조속한 복귀를,0
수원허리디스크병원,0
익스트림 골드 카무트 효소 탄수화물 분해에는 이만하게 없어요,0
다이어트보조제 비교 순위 내돈내산 간헐적 단식 (-8kg),0
계산동헬스장 찾는다면 인싸짐으로!,0
고주파온열암치료로 암환자 회복을 돕는 방법,0
허리 아플 때 하는 좋은 운동은 전신 스트레칭 하나로 근육 활성화 및 통증 완화,0
부산 급성 인후염 전염 및 증상과 원인 전대성 한의원 치료법,0
허벌라이프 리빌드스트랭쓰 완전단백질인 유청단백질 가득,0
테아닌 어린이 섭취 시간 알고 먹으세요,0
제로민부작용 연질캡슐 후기 수면유도제 수면제 종류 불면증약 효능 효과 복용법 가격,0
"혈관 건강을 위한 대추차효능, 만드는 법과 맛있게 즐기는 방법",0
혈당스파이크 관리를 위해 의사가 만든 혈당케어 리브레 & 글루코핏 직접 사용해본 후기,0
키즈아이디 홍삼 비타 야채젤리 맛있게 냠냠,0
여성이 알아두면 좋은 정보라면?,0
여성이 편안함을 느껴볼 수 있는 안내,0
안산임플란트 차이로 느껴지는 원인,0
눈 안쪽 다래끼 없애는 법 10가지 & 원인 증상 안과 치료 후기,0
결정이 중요한 건강이기 때문에,0
정상적으로 건강을 바라보기 시작하면?,0
"[브리오, BRIO] 칼마디 알파, 칼슘 마그네슘 비타민D VitaminK 망간 폴리감마글루탐산 6중 복합 기능성 온 가족 섭취 건강기능식품",0
박용우 스위치온 다이어트 4주 루틴 단백질쉐이크 식단 정리,0
생무화과 먹는법 무화과 효능 뜻 주의할점,0
전반적인 건강의 수행력을 높이려한다면?,0
"대명동정형외과, 목통증 주사치료 안전한가요? [서부통신경외과] 신경차단술, 거북목도수치료, 대구달서구, 담걸림치료, 목디스크비수술",0
눈이뿌옇게보여요 눈건강 눈에 좋은 영양제 루테인 지아잔틴 추천,0
명절 음식 살찔 걱정 없이 마음껏 즐기기! 우리에겐 칼로바이 녹차카테킨+가르시니아 더블 컷 1개월분이 있으니까요,0
헬씨디어 이뮨비타민 고함량 멀티 비타민 성분 추천 후기,0
"요양보호사 가족요양급여, 가족요양보호사월급 알아봅시다!",0
헬리코박터균 양성 제균치료 후 커피,0
"대장암 초기증상과 원인, 조기 발견이 중요한 이유",0
"삶의 흔적1-지금, 삶의 흔적2-미래, 벌떼처럼 육각형으로 살자",0
알티지부스터 얼티메이트 오메가3먹는시간,0
"심근경색의 원인과 전조증상, 검사 방법과 예방을 위한 필수 지침",0
"양배추의 놀라운 효능과 효과, 건강을 위한 섭취 방법",0
2024년 크리스마스 씰 브레드이발소 소개 팝업 기부스토어 오픈,0
듀오락 더퍼스트클래스 캡슐과 액상으로 장 건강 집중 케어,0
간이 하는일 4가지와 간암 초기증상 11가지,0
하노이 10월 11월 날씨 좋을때 가기 딱 가볼만한곳,0
안산임플란트 상태를 섬세히 파악해,0
"수성구 PT 잘하는 곳, 시설도 완벽한 범어동 <피트니스공간> PT 6회차 후기(식단, 운동, 헬스장 시설)",0
"부천여드름한의원 - 부천여드름 흉터 어떻게 관리하나요(부천여드름병원, 부천여드름피부과, 서브시전, MTS, 새살침) 전문 잘하는 잘보는 추천",0
시기능훈련 인천 송도센터 _ ADHD로 오인될 수 있는 시기능 문제_ADHD의 18가지 적신호,0
이지에프 새살연고 egf 여드름 효과,0
구월동헬스장 예술회관역 추석에도 가능하다구,0
"【하늘도시필라테스】 필라테스빛 가슴의 움직임 ""대흉근,소흉근""",0
감기에 좋은 음식 및 코막힘 뚫는 법에 대한 정보,0
인천 라미네이트 핵심 'ㅇㅇㅇ' 모르면 긍정적인 변화 어렵습니다.,0
평택내과 가을이라 건강검진 받고 온 썰!,0
"안산크라운, 지르코니아는 어떤 재료일까?",0
여성이 지속적인 실천을 위해서,0
"약국 개업 준비, 진료과목별 원외처방률 분석이 중요합니다.",0
웰스파 온열찜질기 허리 배 무선이라서 더 편해,0
진드기 감염병 쯔쯔가무시증ㆍ중증열성혈소판감소증후군(SFTS) 증상과 예방 수칙,0
찜질팩 수족냉증 오색약손 바리온 발바닥마사지 추천,0
"초고도비만 위절제술 4년차, 위소매수술 장단점!",0
복부 지방흡입수술을 받게 된 이유,0
블랙마카 효능 효과 여자도 꾸준히 챙겨 먹는 잇템,0
더욱 더 건강이 좋아지기 위하여,0
눈꺼풀떨림 병원 쉽게 그치지 않고 지속되는 이유 확인,0
CDR척도 단계와 경증치매증상 재가급여란,0
얼굴주름리프팅비용 실리프팅 알아볼땐,0
평택역정형외과 무릎 건강 지키려면,0
자동차보험사 비교 사이트 가입하고 후기 확인해봐요,0
수원허리통증 증상을 고려한 치료를,0
명절증후군 특징과 증상 치료 방법 양정 전대성 한의원에서 알려드립니다.,0
건강검진 위암검사 방법과 위암증세 20가지,0
스페르미딘 스퍼미딘 알아보고 저속 노화 영양제 챙기는  중,0
앞니라미네이트 비용 가격 후기를 통해,0
안양보청기 아버지 정부 지원금,0
DB손해보험 약속대로 이루어지길 9월 가을 추석이벤트 참여해요!,0
신정네거리역치과 네비게이션 임플란트를 받을 때 이점은?,0
"개원컨설팅, 대도시 초역세권 VS 소도시 상권 입지 선정",0
코엔자임Q10 효능 및 종류 추천 부작용까지!,0
파킨슨병에 도움이 되는 영양제와 해로운 성분 음식 정리,0
당뇨에 좋은 간식 알아보고 간편하게 챙기는 당뇨간식 당코치제로 선택,0
가정의 달 할아버지선물로 홍삼스틱 추천하는 이유,0
새절역치과 임플란트주위염공포 막는 5가지방법,0
동대문구다이어트한의원 한약다이어트 체지방 감량하려면,0
백내장초기증상 알고 예방하면!,0
창원사랑니 발치 같은 분야는 전문가의 손길이 필요해,0
군인스마일라식 안전과 빠른 회복을 원한다면,0
대구 수성구 플라잉요가 추천 비비웰니스 럭셔리한 분위기에서 미디어아트와 함께,0
표적항암약물허가치료 비용 정말 필요할까,0
전농동필라테스 : 스트레스해소법 및 운동법 알아보자,0
화서동pt 여자 기초대사량 평균 높이는 방법 계산법,0
다이어트한의원 커핏프레소로 꾸준히 관리해요,0
"민들레 효능 부작용에 주의해서 즙, 차, 뿌리 먹는법",0
빈뇨감 오줌 자주 마려움 때문에 문제인가요,0
인천 시기능훈련 송도센터 시각과 자세 관계는 어떤 연관이 있을까 Harmon 거리 _ 한국시기능훈련 인천 송도센터,0
임플란트치과추천 명확한 진단을 통해서,0
"콤부차 효능 다이어트 방법 부작용 (ft, 콤부차 뜻)",0
부산사랑니발치치과 어디서 찾아야 했나,0
달래 효능 제철 칼로리 영양성분: 부작용은 없을까?,0
실비보험료 인상 : 실비보험료 손해율? 실손보험비교사이트로 조회해서 혜택 누리자!,0
면역력높이는방법 맛있게 시작해요,0
건강관리 위한 7년근 이루진스 산양삼,0
"🔥23만원 할인! 하데스도 3건 구매: 아이허브 소화효소, 간영양제(밀크씨슬), 유산균 30% 세일 추천제품",0
여성갱년기영양제 어머니를 위해 찾아봄,0
덕정피티 양주피티 여자들은 어디서 운동해?체력Up 근력향상,0
팔꿈치통증&테니스엘보증상 완화운동과 가정용파라핀 해본 썰,0
스키니랩 모로실 다이어트 C3G 솔직후기,0
먹는히알루론산 꼼꼼하게 케어하기!,0
아파트 계단오르기 운동에 무릎보호대 효과,0
오늘비움 유산균 음료를 섭취했어요,0
한효주 눈건강엔 빌베리플러스 루테인 챙겨요,0
"자궁경부암 검사, 예방접종 주사는?(무료대상)",0
라인관리는 48시간 클렌즈로 단 2일 해결,0
강황(커큐민)의 효능을 나노로 흡수율 높이자!,0
정동원 저분자 가수분해 단백질 추천 셀렉스 코어프로틴 프로,0
두뇌영양제 164 메모리케어로 든든하게!,0
과민성방광증상 완화를 위해 필요한 것은?,0
강동구치과 수면임플란트수술로 발치 후 바로 식립하고 충치치료까지,0
딸래미 체력관리를 위한  고 3 선물로 준비한  정관장 아이패스 에이치(H),0
마포 골프 레슨 시작과 마무리,0
어린콜라겐 추천 중요한 이유 알아봐요!,0
농심 밈5 단기다이어트 이걸로,0
다이어트 보조제 추천 착한비건다이어트 깔끔하게,0
비염 코막힘 벗어나고자 집에서 배농치료 하기,0
청담동 헬스장 추천 / 청담동pt :: 셀럽들도 다니는 청담 연예인 헬스장 리발란스K 바디디자인클럽에서 체형교정pt 받은 대만족 후기,0
B형 간염 치료제 & 전염 및 항체 검사 : 원인 및 증상 알아보자,0
"상도동 필라테스, 삐뚤어진골반 교정 갑니다! S바디워크필라테스 상도점",0
부주상골증후군으로 인한 발과 발목 통증,0
봄나물 종류 무엇이 있을까요,0
블랙커피 효능 피로회복 항산화,0
현대적 전문장비로 근본적인 통증 원인을 치료하는 여의도정형외과! 추천해요,0
출산 후 다이어트 시기 마음 다잡고 도전,0
7KG 감량한 다이어트 성공 후기,0
"향남마사지 화성시 블루아로마, 알찬 마사지서비스로 만족!",0
셀레늄효능 확실합니다!,0
다이어트도시락추천 맛있게 먹으면서 다이어트해요.,0
저분자피쉬콜라겐 효능과 부작용,0
"건오미자만들기 먹는법, 오미자말리기",0
아이 흉터제거연고 화상에도 좋은 스카이지겔,0
중금속검사 바이오컴에서 모발로 알아본 영양검사,0
다이어트보조제추천 내마음에 쏘옥!,0
새싹보리 효능 새싹보리분말,0
깜깜이환자 무증상 확진자로 3단계 격상할까요? 교회탄압으로 해결될까요?,0
카무트 효능 알고계신가요?,0
벌의 종류와 벌에 쏘였을 때 증상 및 대처법과 벌집 제거 및 말벌에 쏘인 실제 솔직 후기,0
"생로병사의 비밀 복부비만 줄이기 4주 프로젝트 복부비만, 내장지방 빼는 음식과 운동, 당신이 살을 빼야 하는 진짜 이유",0
인공지능 발란스봇 자세교정밴드 실사용후기,0
"협심증 전조증상, 이제는 걱정하지 마세요.",0
초당옥수수 효능 및 먹는법 식감 알려드려요,0
[즙단식 ; 주스단식 ; 주스클랜즈] 클랜즈 마지막 주(5주차:6.8~6.14)' & 요요와의 전쟁 & 사운즈 한남 나들이,0
송화가루 시기 시간은? 날짜 알아보기!!,0
최애 다이어트간식 라면말고 저칼로리 무색소 곤약쫀득이,0
만성통증 참는것이 능사아냐,0
면역력에 도움이 되는 면역칸 프로폴리스 칸,0
"63빌딩 계단오르기 코스튬 입고 1,251개 계단을 오른다고?",0
송내역피티잘하는 피타짐에서 15kg 감량중!,0
"[루이사 연례세미나 1] 루푸스 약물치료의 발전, 임상시험중인 약제들",0
갱년기 영양제 엄마는 내가 지킨다!,0
목디스크에 좋은 운동,0
홍천기미치료 피부 고민의 해결책을 찾다,0
수원산재한의원 신체적 불편함을,0
사당역정형외과 입원 통해 회복을,0
달서구허리디스크 병원 통한 관리를,0
대구다이어트병원 건강한 체중 관리를 한의원과,0
부산성조숙증검사 적절한 시기에 검사를 통해,0
동탄역한의원 입원실 원인에 따른 케어를,0
부산탈모병원 모발 빠짐의 원인은,0
둔산동보톡스? 가볍게 생각하시면 안됩니다,0
라섹수술법 기존 방법에서 개선한 방향으로,0
세종보람동피부과 울쎄라? 따져봐야 합니다,0
송파레이저제모를 통해서 깔끔한 이미지로!,0
상상공간 심리스 허리보호대 자세교정 다이어트벨트,0
"위내시경 전 금식시간과 물 섭취, 전날 음식 관리법",0
밤에 먹는 음식 이것만은 피하세요,0
당뇨초기증상 특징 & 당뇨 관리 방법!,0
설사유산균 설사가심할 때 유산균 먹으면 도움이 될까?,0
"""위고비"" 꿈의 비만약, 주사를 맞을 것인가?  몸을 살리는 디톡스 해독 전문, 키토산다이어트를 할 것인가?",0
"뇌장벽 통과하는 푸르설티아민 함유. 기미,주근깨 완화까지. 약국비타민 아로나민씨플러스",0
노인 보청기 가격 구매 전 알아보셨나요?,0
독감예방접종시기 주의사항 무료 대상자는?,0
푸르설티아민 뇌영양제로 알츠하이머 치매 예방하기,0
"방귀가 많이 나오는 이유 냄새가 심하다? (feat, 줄이는 법)",0
박용우 4주루틴 스위치온 다이어트 요약 단백질쉐이크 시작,0
실제 예시로 보는 사주 진로 해석 (잘할 수 있는 방향을 안내하기),1
키즈영어친구 하이도도 온라인영어유치원,1
"초2일상/ 휴일이야기 (영종도 가볼만한 곳 추천 /물회맛집 을항, 인스파이어리조트, 선녀바위해수욕장, 라면라이브러리)",1
[공구 오픈] 신나는 교과체험학습 OPEN,1
"수능 국어, 모의고사 둘 중 하나, 합리적으로 찍는 방법",1
연대 수리논술 수험생 유의사항 / 2025학년도,1
"두둥! 드디어 시작하는 새 책 이벤트 ft. 스벅 기프티콘, 이디야 기프티콘",1
"인교공 인천교통공사 면접(인성, PT) 기출질문 후기",1
유치원 어린이집 재원 신청서 틀,1
팔공산국립공원 비로봉 하늘정원 갈대 산책길,1
리트 시험장 표준행동절차.pdf,1
"목동, 강서 지역 주요고 2024, 2023 최신 대학입시 결과 정리",1
"수협중앙회 채용 공고, 자소서, 연봉(2024년)",1
"생각하는 황소 수학학원 수지점 입학설명회 후기 및 원비, 응시 인원 정보",1
"소름! 포스팅하고 두 시간 만에 전화를 받았어요. ""우리 학교에서 교무하면 어때?"" ft. 승진 희망자 소멸 중",1
"[무료] 바다쌤 가을 아가모 그래프 : 가을 무료 활동지, 가을 놀이자료 , 가을 무료놀이",1
야율아보기. 발해를 멸망시키고 거란족의 국가 요나라를 세운 황제,1
고시 공부에 유리한 성격,1
어떻게 어떡해 차이점을 예시를 들어 쉽게,1
건설업 기초안전보건교육 이수증 발급기준,1
한글이 태어난 지 578년? 한글날 기념 어휘 테스트,1
풀무 학교 2학년 큰 딸의 글,1
간단한 재운 강화법,1
수지 국어학원 확실히 잡을 수 있었던 이유,1
"""주말, 휴일에도 영어, 독서, 수학하나요?"" 질문에 대한 저희집 사례",1
사회복지사1급 응시자격 온라인으로 만들었어요,1
인하대 교육대학원 상담심리전공 비전공자도 진학했어요,1
"수목원이 수요일, 목요일? 초등 어휘력도 중고등학생 어휘력도 문제",1
신중하게 고른 유아학습지 추천,1
7세고시를 대치동에서 계획 없이 시작하며 느낀 것들,1
[속보] 육식공룡들은 우리 생각보다 더 컸다?!,1
다른나라에서는 입에도 안대지만 한국인들을 굉장히 좋아하는 음식들 TOP6,1
학점은행제 등록금 아끼면서 관리받는 방법,1
웹소설 작가 수입 돈 버는 법과 추천 플랫폼 비교!,1
푹쉬면 다행이야에 나온 희귀해삼 백해삼 - 해삼의 종류,1
"10월 놀이 이야기, 한글날 도안 공유",1
"고구마 라벨, 가랜드 도안 공유",1
"윤도영T, 2028 입시 설명회",1
한글날 공휴일 지정 의미 2024 10월 9일 학교 은행 택배 우체국 휴무,1
"서울시설공단 채용 공고, 자소서, 연봉(2024년)",1
청지사2급 필기면제 2027년도 실습 추가 전에 준비하자,1
사회복지사1급 자격 온라인으로 준비하는 방법,1
학점은행제 컴퓨터공학 직장 다니며 진행했어요,1
"시발점, 세로, 족보, 존망도 몰라요.ㅠ.ㅠ. 깜짝 놀라게 되는 문해력 실태조사 결과",1
육군3사관학교 편입 고졸도 온라인으로 빠르게 갖췄어요.,1
백석예대 대졸자전형 고졸도 입학 성공했어요,1
지역농협채용 2024 하반기 채용 공고 6급 자소서(자기소개서) 쓰는 법(지농 첨삭 후기),1
한가인은 왜 딸 수학학원으로 매쓰몽을 선택했을까?,1
어린이집 유치원 유아수학 가을 활동지 패턴 도안,1
"[윈스펙] 공기업 채용, 공기업 가산점이 왜 중요해? 윈스펙에서 알아보자!",1
"지역농협 채용, 전국 농축협 지역사회와 연결되는 자소서 관련자료",1
"초3, 초5 매일 공부 일주일 공부량, 그 집은 얼마나 해요?",1
"선생님 얼굴을 퍽! 피구 공으로 맞혔을 때, 서로 다른 남자아이들과 여자아이들의 반응",1
부산 경남 10월 9일 한글날 행사 안내 아이들 체험할 수 있는 김해 한글박물관 시간 주차 팁,1
이번주 로또1141회 당첨 예상번호 20조합! 당첨 도전,1
중2수학 내신기출 with 족보닷컴 뷰어 공부앱 추천,1
창원 대원동 스터디카페 쾌적한 곳,1
"학교장 재량 휴업일, 학교마다 다른 이유, 갑자기 바뀌는 이유는?",1
이란 vs 이스라엘 군사력 순위 비교,1
예민한 사람들의 신체적 문제,1
"수도권 대학, 일반vs편입 유리한 조건",1
"중국에서 한창 유비 조조 손권이 싸우고 있을때, 고구려는 뭘하고 있었을까",1
"대학교 탐방을 갔더니 아들의 한 마디, ""저는 자취할 건데요?""",1
한가인 딸 라이딩 비인가 국제학교는 역삼동 BEK,1
황재균 지연 이혼 사유 알아보는 사주궁합,1
[원서 추천] 초보도 쉽게 읽을 수 있는 픽션 논픽션 추천 3탄,1
"공부를 이렇게 하면 서울대도 갈 것 같은 아이, 공부는 안 하니?^^;;",1
외대부고 면접 문제  합격 비법,1
시각디자인기사 자격요건 이렇게 준비했어요,1
반포 수리논술 원서 상담까지,1
비인가 국제학교 학비와 장단점과 서울 비인가 국제학교 TOP 5,1
"나무의사 자격증 시험 응시자격, 하는일, 연봉 총정리",1
사회복지사 자격증 시험 없이 온라인으로 취득했어요,1
"한 달 후 수능, 내 아이가 고3이라면 마음이 조마조마할 듯... ft. 티처스 28화",1
롯데월드 아트란티스 평일 대기시간 및 2번이상 타는 꿀팁 싱글라이더,1
스스로 외향형일지도 모른다고 착각하는 내향인들의 특징,1
"한국수목원정원관리원 채용 공고, 자소서, 연봉(2024년 하반기)",1
학점은행제 간호학과 만학도 준비,1
"흑백요리사에서 나오는 알쏭당쏭 용어 : 이븐 뜻, 파인다이닝,알덴테",1
"코레일테크 채용 공고, 자소서, 연봉(2024년 하반기)",1
[요양보호사] 2024 국가고시 자격증 요점정리 및 핵심 학습,1
진접 고등 영어학원 9월 모의고사 이후 수능까지 고 3 영어 학습법,1
"반포중등수학학원 나쁜 습관을 잡고 기초를 잡으니, 성적이 오르네요",1
장수왕. 고구려의 최전성기를 이끌었던 최강의 군주,1
송도 관리형 독서실 집중력 팡팡 터지는 그린램프라이브러리 송도 캠퍼스,1
"여미새 뜻, 남미새 뜻 신조어 알아볼까요?",1
이븐하다 even뜻? 넷플릭스 흑백요리사 영어,1
김광석 '피벗의 시대 2025년 경제전망' 변화하는 경제와 부동산 시장을 위한 전략,1
유치원 어린이집 가을 미술 활동 공유,1
"한국농어촌공사 채용 공고, 자소서, 연봉, 경쟁률(2024년)",1
"여권 First name , Last name 쓰는 방법",1
반포 국어학원 단기간 약점 해결,1
노원피부학원 인기 많은 국비 수업 지원 가능,1
산업안전산업기사 자격증 자격요건 준비한 방법,1
춘천 사회복지사2급 주부 공부후기.,1
일반편입 학사편입 차이 비교 후 준비하는 이유,1
사회복지사 요양보호사 자격증 인강 듣고 취득했어요,1
꼼꼼하게 살펴본 유아학습지 추천,1
"학부모 상담 안내문, 자료 공유",1
국군의 날 뜻 임시공휴일 이유 휴무 행사,1
"역사, 문화, 교육, 상황 등 우리나라와 비슷한 유럽의 나라들",1
"보험계리사 시험일정, 난이도, 합격 후기",1
놀이학습 중심의 5세 유아학습 엘리하이키즈로 해결,1
"한국공항공사 채용 공고, 자소서, 연봉(2024년 하반기)",1
내향인들이 나이를 먹을수록 행복해지는 이유,1
평택 보육교사2급 온라인으로 준비한 방법,1
의정부미용학원 국비카드로 수강료 재료비 지원혜택,1
초등학생을 위한 문해력 테스트 방법! (+댓글이벤트),1
"유치원 어린이집 운동회 선물 라벨, 도안 공유",1
실내인테리어 자격증 비전공자도 인강 듣고 취득해요,1
대구 평생교육원 사회복지사2급 쉽게 취득했어요,1
반포 인문논술 장점만을 살려 진행되는 곳,1
국비지원 게임학원 추천 이력서 공백 채워봐요!,1
"성복동 중등수학, 고등 선행 시 특별히 신경 써야 할 주요 3단원",1
키네마스터로 GIF 만들기/이정화 강사,1
학점은행제 사회복지사2급 과정 알려드릴게요!,1
의대입시 수시와 정시 전략에 대한 조언 ( feat 전 메가수석컨설턴트),1
"한국전력기술 채용 공고, 자소서, 연봉(2024년 하반기)",1
초등학교 한국사 강의 어플 연표 문제 등 무료 자료 나눔 사이트 추천,1
목동 인문수리논술 원하는 대학 목표로 잡았다면,1
노원미용학원 수강료 재료비 현금수당 국비지원 받기,1
학점은행제 과 알아보고 진행했어요,1
파주 평생교육원 사회복지사 편하게 취득하는 방법,1
"""열심히 하니까 머리가 트이나 보다"" 아이를 공부하게 만드는 말.",1
동탄 논술학원 원하는 대학 합격할 수 있도록,1
"개천절 활동지, 자료 공유",1
"유치원 어린이집 개천절 만들기 활동, 도안 공유",1
방통대 컴퓨터과학과 편입 준비 필요하면 이렇게 하세요,1
중등영문법 문제집 기초부터 탄탄한 <중학영문법 MANUAL 119 2권>,1
"유치원 어린이집 한글날 활동, 도안 공유",1
대구 현풍 피아노학원은 역시 소율피아노 음악학원,1
차가워 보이지만 내면은 따뜻한 성격,1
웹툰학원 비용 가성비 좋은 학원은 어디?,1
아재개그 레전드 모음 top30 재밌는데,1
학점은행제 간호학과 편입한 과정,1
대치동 영어학원 빅5 알아보기,1
단단하지만 다정한 사람들의 생각법,1
건설기초안전교육 이수증 발급방법 기초편,1
게임회사 취업 준비: 포트폴리오부터 면접까지 완벽 정리!,1
대기환경기사 자격증 요건 학점은행제 수업으로 빠르게,1
목동 가천대 약식논술 준비하는 학생이라면 꼭,1
웹소설학원 인터넷소설 연재 어렵지 않아요!,1
[초등 고민 상담소] 독서논술과 초등 학습 능력의 상관관계! (+댓글이벤트),1
학점은행제 군연기 안전하고 효율적으로 미룬 방법,1
교통기관 색칠하기 활동지 자료나눔,1
초등학생학습 경험 홈스쿨링 구몬후기,1
[마감]24년 하반기 국민은행 3시간만에 합격하는 자소서 문항분석[기업분석자료 추석선물이벤트] 19일 23시까지,1
전기산업기사 자격요건 직장과 병행하며 갖췄어요,1
"유치원 어린이집 가을 놀이 이야기, 자료 공유",1
중2 2학기 중간고사 족보닷컴 기출유사문제로 시험대비,1
기계설비유지관리자 자격증 선임기준 수월하게 준비한 방법!,1
[마감] 폭풍성장을 위한 숏폼 영상 제작 레벨업 강의(9월 19일 까지 신청),1
수지 과학학원 올바른 학습 방법을 발견,1
"★우리 집 초등수학 진행과정 총정리 : 7살부터 초5까지 로드맵, 진행 문제집, 공부 시간",1
사회복지사2급 자격요건 확인 후 쉽게 조건 갖추기,1
내신 5등급 대학 타이밍 잡는 방법,1
울산게임아카데미 혜택 추석 프로모션 알아보기,1
자기주도학습지도사 자격증 알아보고 학습 대비!,1
"성복역 수학학원, 공부를 방해하는 5가지 나쁜 습관",1
가을 만들기 도안 활동 공유,1
초등영어 원리를 공부하는 학습,1
"어버이날 편지, 도안 공유",1
초등과학전집 아이스크림홈런 AI 교육을 통해 공부해야 하는 이유,1
TCI 기질검사 해석으로 알아보는 사회적 민감성 : 당신의 인간관계는 안녕하십니까?,1
"공인중개사 강의 책 교재 추천, 2022년 33회!",1
[리마인드] 라니쌤 크리스마스 자료 모아보기_재료놀이챌린지 도안/교구/행사자료/색칠공부 활동지,1
종로공인중개사학원 33회 실패 없는 합격 비법!,1
[할로윈데이] 어린이집/유치원 행사 자료 22 - 사탕 홀더(호박/유령),1
주택관리사 기출문제 상대평가 시험 난이도 맞춤!,1
피셋 7급 공무원 쓸모PSAT 기본서 기출 시험 과목 공부 하기,1
"비대면 강의 595일째, zoom 회의, 온라인 강의 전 알아야할 주의사항 ( 마케팅 instagram )",1
국어문법 숨마주니어 중학국어문법,1
초등 2학년 1학기. 그녀의 스케쥴,1
[마감] 방문자수 100배? 블로그 전자책 무료 나눔,1
[미소쌤] 미소쌤 환경판 봄 꽃 리스 도안 / 환경판 / 환경구성,1
[대학생블로그 - 타나토노트] 이사 후 정신없던 날들!,1
국민연금공단 면접을 학원에서 1:1로 6시간 코칭 받은 후기!(Feat. 6급 갑 사무직),1
[서평단 모집] 사람은 어떻게 성장하는가 / 서평이벤트,1
4학년 초등수학문제집 최고수준 수학으로 심화학습 하기,1
LH한국토지주택공사 신입직원 채용 자소서 작성했어요!,1
(마감)블로그 시크릿키 인플루언서를 꿈꿔라 3기 모집,1
산업안전산업기사 필기 독학 가능하죠,1
회계관리2급 자격증 인강으로 접수하자!,1
[기상학] 비야크네스 순환 정리 & 켈빈 순환 / 선적분 기초 (Bjerknes),1
9급운전직공무원 기출문제 능률 올리는 습관 들이기,1
초코홈마스터와 함께하는 초등코딩 홈스쿨링,1
학점은행제 준비생이 알려주는 꿀팁,1
전기기사 취득까지 6개월이면 충분했습니다,1
토플학원 단기간에 4영역 꽉 잡는 비법,1
승무원학원 정하기 전에 체크!,1
검찰수사관 공무원 이렇게 준비하자!,1
"[24년 지역농협채용] 전공무관 3시간만에 합격하는 자소서,면접꿀팁 ft.면접중대장",1
[수업자료] 가을 : 나뭇잎 패턴,1
지구의 미래 :: 2만5천 광년 밖에서 답을 찾다,1
연세대가 정시로 학생을 선발하는 방법/2024.10.7,1
ISFP 여자 특징 연애 궁합 잇프피 정리,1
낙엽놀이도안 무료나눔 이벤트!!,1
"한국수자원공사 면접(PT, 인성) 기출 질문, 후기, 경쟁률",1
삼성전자 군인 경찰 소방 할인 이용 방법,1
"비인가 국제학교, 한가인 배우 유튜브 보다가 하나 배웠다",1
초등문해력 신문읽기교육이 필요한 시대 - 공부 잘하는 아이의 똑똑한 신문 읽기 외 3종 비교!!,1
"요양보호사자격증 발급기관 어디, 높아지는 국비지원 기준",1
카드 결제 결재 어떤 게 맞을까요? 서류에는?,1
유명 연예인 나오는 꿈 해몽 정리,1
대학로 아이랑 볼만한 연극 드립소년단 지루할 틈 없는 애드립 가족연극으로 추천해요,1
남양주역학원수강 목산역학원에서 세심하게 배워요,1
보육인력 국가자격증 인강 듣고 취득하는 방법,1
"[흑백요리사][에드워드 리][갑오일주] 격조 있는 오화란 이런 것, 무재사주의 성공법.",1
가족 외식 고기테마파크 명륜진사갈비 강원속초점 방문 후기,1
"지역농협 하반기 채용, 자기소개서 문항 의도, 자소서 작성법",1
"병원동행매니저, 노인돌봄생활서비스 뜨는직업 자격증 취득 취업교육",1
전산세무회계자격증 1급 2급 차이점 및 독학 난이도,1
하브루타 수업을 위한 질문 대화법,1
부산 사회복지사2급 온라인으로 쉽게 취득했어요,1
어린이과학동아 스마트 플러스 업그레이드된 어과동 초등문해력 잡기,1
적정 공사기간 확보를 위한 가이드라인 국토교통부 한국건설기술연구원 (2023.12),1
국가평생교육진흥원 학점은행제 직장 다니면서 준비했어요,1
"한화갤러리아 채용, 백화점 럭셔리트렌드 이슈 반영한 자소서 자료",1
초등국어공부 눈높이스쿨국어 자기주도학습 진행 중,1
겨울방학캠프 위캔캠프 중고등학생 성적 향상의 기회,1
간호조무사 간호사 차이 있어서 결정,1
물리치료학과 학점은행제 편입준비 온라인으로 했어요,1
생활체육지도사 2급 필기 실기 합격후기(+독학 방법),1
안산 평생교육원 사회복지사2급 주부가 쉽게 이수했어요,1
호텔조리과 취업에 포커스를 맞춘 입시,1
면접관 질문 파악 하고 면접 합격률 올리기,1
스픽 프리미엄 플러스 차이 / 내돈내산 솔직후기 (feat. 할인코드),1
개념원리 고등수학 나만의 전자책 미북으로 완성해요.,1
"아이 피아노 학원, 캐슬음악학원에서 피아노 배우기",1
청소년심리상담사 자격증 응시자격 갖췄어요,1
산업안전기사 자격요건 온라인으로 만들었어요,1
"수사법의 뜻과 종류 역설법, 대구법, 설의법(설의적 표현), 은유법 예시와 뜻",1
강남자바학원 1개월 단기 교육부터 국비 취업과정 공부하기,1
노후대비 자격증 온라인으로 미리 취득했어요,1
"무인도에 불시착한 최첨단 로봇에게 배우는 인간성, 원서 미디어 추천 '와일드로봇(The Wild Robot)'",1
#462 구름을 보면 무엇을 알 수 있을까? - 하늘 속 숨겨진 날씨의 신호,1
2025 겨울 영어캠프 캐나다 토론토 스쿨링캠프 알아보기,1
"한글날 맞이 색다르고 예쁜 순우리말 단어! 진솔, 여울 무슨 뜻?",1
초등한자 공부 한자급수 카드 반복하기 좋아요,1
"전산회계1급 시험정보 및 일정, 공부방법 총정리! (+교재 활용)",1
군인 호텔 콘도 할인 - 청간정 콘도 카라반,1
50대 주부 일자리 사회복지사 도전했습니다.,1
의정부코딩학원에서 시작하는 코딩의 모든 것!,1
음성 사회복지사2급 자퇴생도 쉽게 취득했어요,1
군인 학점은행제 고졸이였지만 학위갖고 전역했어요.,1
평택 사회복지사2급 창업을 위한 첫걸음!,1
건설안전관리자 자격증 온라인으로 빠르게 준비했어요,1
가방을 메다 매다 이게 틀린표현일까요?,1
초등 홈스쿨링 학습 코칭 하기 좋은 LG 전자칠판 65TR3PN,1
인테리어디자인학원 기초부터 탄탄한 커리큘럼!,1
10월학평 고1모의고사 족보닷컴 예상문제 확인,1
초4문해력 교과개념까지 어린이수학동아로,1
어떻게 어떡해 어떤게 맞을까요? 예시와 함께 알아봐요,1
키즈 영어독서프로그램 하이도도 영어기초 다지기,1
대구 동성로 요리학원 다니면서 영주국제조리고 입시 준비!,1
4세 유아학습지 한글공부는 빨간펜 아이캔두 누리키즈로 시작,1
호텔경영학과 대학교 입결 베스트,1
호텔리어 대학 취업 자격증 뭐뭐 있나,1
산림기사 학점은행제 온라인으로 갖췄어요,1
건강운동관리사 자격증 응시자격 갖추고 필기 응시했어요,1
전기기사 학점은행제 비전공자도 쉽게 자격 갖췄어요,1
운정 파주 유아영어 원데이 클래스 신나는 영어파티,1
손해평가사 시험 난이도 및 1차 2차 과목별 학습방법(+합격률),1
배변훈련 놀이 변기 즐겁게 가는 응가길 자료 나눔,1
앞이빨 빠지는 꿈 치아 썩은아랫니빠지는꿈 송곳니빠지는꿈해몽,1
공부어플 추천 족보닷컴 뷰어 중등 중간고사 공부앱 필수,1
초등 한자문제집 반디랑 블록한자,1
"반월당커피학원, 대구 에서 라떼아트 제일 잘 가르쳐 주는 곳!",1
울산게임원화학원에서 배우는 게임 아트의 기초와 팁!,1
중학교인강 수준별 맞춤학습 강의 추천,1
비상교육 온리원 중등 가격 인강 자기주도 학습 방법!,1
"초등학교 1학년의 공부는 이렇게 / 양산 물금 증산 아이스터디 초등학교 1,2학년 / 국영수 전과목 종합",1
"케이티 개발자 외 경영지원 채용, KT 자소서 AI DX IT자료 첨부",1
"블로그 체험단 사이트, 스토리앤 미디어 무료 체험단이 제일 좋았어요♥",1
부산 운전연수 가격 & 방문운전연수 4일 10시간 과정 후기,1
토익인강 잘 골라 900점대 달성한 후기,1
소방설비기사 학점은행제 온라인으로 쉽게 갖췄어요,1
"청소년지도사2급 자격증 면접, 하는 일 알아보기",1
"당근과 캐롯 키즈모델 모집, 오디션 준비하려면",1
"초5, 피아이 어학원 레벨테스트 후기, 지금까지 봤던 어학원 레테 정리",1
사회복지사2급자격증취득방법 도움받아 성공했어요,1
손해평가사 수입 구조 및 정규직과 프리랜서 일당 정리(+시험정보),1
초등 문해력 신문 기사 어린이과학동아로 초1문해력 높이기,1
천재교육 밀크티 맞춤학습 가능한 초등인강,1
초등과학뒤집기 기본편 어린이 과학실험으로 배우는 원리,1
속담 100가지 모음 그리고 뜻풀이,1
소방기술자 경력수첩 초급 비전공자도 가능해요,1
"농협중앙회 채용, 농촌지역과 DT, AI 트렌드 맞춘 자소서대필 추천 ft.첨부자료많음",1
중학생입시전략 설명회 과학고입시 준비에 필수~,1
영재고입시 중학생설명회 중학 입시 전략,1
이스라엘 헤즈볼라 전쟁 폭격영상 공개 현재상황,1
"어린이문학 흔한남매 이상한 나라의 고전읽기 6 (흥부전, 자청비, 인현왕후전)",1
"강남클라우드학원 도커, 쿠버네티스, AWS 제대로 배울 수 있어요!",1
직장인 학력개선 온라인으로 학위 취득후 진급한 후기,1
중등과학 인강 집중력 향상 공부 방법!,1
학점은행제 학사학위 단기간에 취득한 방법,1
봉은중 잠실중 수학학원 내신대비 개별 약점 집중보완,1
직장인 사회복지사 2급 자격증 시험 없이 취득했어요,1
학점은행제 군연기 온라인으로 미뤘어요,1
한국과학창의재단 사이언스프렌즈오프라인 과학퀴즈 행사 가족나들이,1
"삼성서울병원 채용, 간호사 자소서 대필 컨설팅이 많은 이유",1
제7회 한류유산 미래포럼 민족문화와 천문학 #페이지 #박석재박사,1
부산도서관 정호승 시인 초청  9월 독서의 달 기념행사,1
아이누리 한의원 송도 어린이 변비 복통으로 지은 어린이한약,1
[학교 일기] 수능 접수 업무 매뉴얼 (지루함 주의),1
소방설비산업기사 응시자격 쉽고 빠르게 갖춰요,1
미용종합면허증 발급조건 뷰티샵 네일샵 창업 준비중이라면 꼭 보세요,1
50대 성인학습지 구몬 액티브라이프로 영어시작했어요.,1
초등수학인강 맞춤형 학습 관리,1
초등인강 AI교육 알차게,1
초등교육 이슈 맞춰 준비하는 1위 밀크T초등,1
신체손해사정사 시험일정 및 자격증 준비과정(+비전공자),1
사회복지사2급 실습 시간 및 시험정보,1
미금역 수학학원 한권씩 순차학습 효과,1
평생교육사 실습 어떻게 진행 될까요?,1
학점은행제 컴퓨터공학 온라인으로 취득하는 방법,1
"위클래스 상담교사, 비전공자 최단기간 준비방법이예요",1
"수시 6등급 대학, 예상치 못한 기회",1
식품산업기사 응시자격:비전공자 취득후기,1
병원코디네이터 민간자격증 취득 후기 및 공부방법,1
평생교육사2급 자격증 온라인으로 취득했어요,1
"조경기사 자격증 조경산업기사 전망, 연봉, 응시자격 준비 후기",1
스픽 프리미엄 플러스 내돈내산 후기 / 프리미엄과 차이 / 할인코드,1
디지털드로잉학원 기초부터 차근차근,1
50대 이상 신중년 분들에게 적극적으로 추천하는 민간자격증 스마트폰활용지도사 2급으로 새로운 도전을 시작하세요- (주)디지털콘텐츠그룹 SNS소통연구소 관악지국장 손희주,1
"꿀팁 정보, 인스타 팔로워 삭제 숨기는 법",1
"""빗물""의 형성 과정과 원리: ""하늘""에서 내리는 ""비""는 어떻게 만들어질까?",1
DB손해보험 채용부터 DB그룹별 자소서 전략과 업계자료 첨부,1
"CJ올리브영 채용, MD자소서 3번 브랜드 마케팅전략 아이디어 제안",1
영어 초보가 1년 안에 영어 공부 마스터하는 방법,1
웹소설 학원 현직 작가가 전하는 성공적인 창작 팁,1
풍수를 보는 지관 사주 병신일주 성향 특성 정리-김해 점집 칠성당,1
초등 파닉스 교재 하이도도 영어기초 다져요,1
일주론 병오일주 사주 기본 성향 특성 정리-김해 신점 칠성당,1
[공부] 준비물 없이 바로 사용가능한 교실 속 인공지능(AI) 교육 _ 과목별 에듀테크 추천,1
미래엔 초코 초등 2학년 수학 문제집 교과서 달달풀기,1
엘리하이키즈 유아 한글쓰기공부 한글학습지 추천,1
"서울대 탐방, 50인 이상 단체는 한국진로개발원과 함께",1
중3내신 중학교시험 준비하는 꿀팁,1
재경관리사 노베 4주 독학 후기,1
약국 액상마그네슘 셀메드 마그플렉스 스피드 가격,1
수학경시대회 준비 실력쌓기 좋은 초등학습지,1
"세계 여러 나라 환경구성, 도안 공유",1
중학교교과서 구입 방법과 밀크T중학 활용기,1
"화농성여드름한의원 염증 완화했던 전, 후 후기",1
토플 스피킹 독립형: 국내파 만점 쌤의 점수상승 팁!,1
체대 순위 학교별 전형 특징,1
한국어교사 자격증 온라인으로 준비했던 방법,1
"[AI아트]한국디지털융합진흥원 ai아티스트 28기 전문가  양성과정 모집,",1
"""안경""의 시초와 역사적 배경, 그리고 ""선글라스"" 탄생의 비밀!",1
강서구 성인 아동 심리상담 애플트리 심리검사 상담센터,1
인간공학기사 응시자격 15주 만에 충족할 수 있었어요,1
엄마표 사고력수학 초등2학년 교과 예습 복습 함께 다지기,1
"[강의여행] 김준희 강사의 일상, 열흘간 블로그 공백기와 인문학 스케치",1
초등과학 로켓만들기 아이와 놀이하기 좋아요,1
"일부 국제학교, 특목고, 자사고에서 진행하는 IB(International Baccalaureate) Program을 실생활에 접목하는 방법",1
대구일마이스터고등학교 입학 취업률 설명회 정보 총정리,1
대구농업마이스터고등학교 2025 입학전형 취업률 설명회 정보,1
한국에너지마이스터고등학교 입학 취업률 설명회 정보,1
서울로봇고등학교 입학 취업률 설명회 정보 총정리,1
서울현대교육재단 K-미트 마스터 클래스 희망리턴패키지 재창업교육 수강생 모집 중!!,1
"HD현대 채용, 중공업 조선해양 오일뱅크 기업맞춤 자소서의 중요성 (산업별 첨부자료 많음)",1
추석 연휴 몰아보기 좋은 넷플릭스 미드 추천 TOP3,1
"LG 엘지화학 채용, 공대생 자소서는 예시대로 쓰면 된다",1
INFJ 성격 특징 인프제 남자 직업 여자 연애 궁합,1
경북기계공업고등학교 입학 취업률 경북기계공고 설명회 총정리,1
"부산해사고등학교 2025 입학 전형, 취업률 정보",1
동화구연지도사 취업 전망 자격증 취득방법 및 공부방법,1
건강가정사 하는일 및 자격증 이수과목 신청방법,1
와인소믈리에 2급 자격증 3주 준비 후 합격한 후기 및 교육과정,1
"아백 강의 후기(장점,단점) /추천인♥ aros96239 아로스 애드센스",1
전산회계1급 비전공자 인강 공부후기,1
책다른구독 웅진 매달 구독서비스 책육아 어렵지 않아요,1
부천원데이클래스 중 쿠킹클래스를 추천합니다,1
[통합과학]02. 생물다양성과 유지 -3.지질시대 환경과 생물의 변천 그리고 대멸종과 생물다양성,1
"에스오일 채용, S-OIL 구도일 자소서 준비에 꼭 필요한 파일 첨부",1
김천바리스타학원 자격증?창업반? 다 설명해줄게!,1
브런치학원 홈스타일 가을 피크닉 준비하는 방법,1
독서지도사 취업 자격증 취득 준비 후기,1
"중학교 공부법, 내신 성적 인강으로 대비하기",1
중학교중간고사 밀크T중학 기출문제로 마무리!,1
영재원 합격 전략 인지도 1위 밀크티초등으로 준비하는 이유,1
중1영어 중학교 공부 엠베스트로 홈스쿨링 하기,1
"전북기계공업고등학교 입학, 취업률 전북기계공고 설명회 정보",1
원자 분자 원소 구분 이거 보시면 바로 됩니다,1
대치동 중학교 학원들 추천 리스트,1
🥔올팜 맞팜 이용해 본 솔직 후기(작물별 난이도/친구추가 방법/장점과 단점!)🌱,1
예각 둔각 직각을 헷갈려 한다면 꼭 이렇게 알려주세요,1
기체 액체 대류현상 관찰 초등과학실험 홈스쿨링,1
보육일지 양식에 따른 예시,1
구도노리코 신작 그림책 볼수록 흥미로운 오랑왕자와 마법의성,1
세이펜 수학동화로 배우는 뺄셈,1
「걸리버여행기」 배경 서평 독후감 줄거리 내용요약정리 청소년 권장도서,1
창원변호사 적법한 과정으로,1
엄마표영어 웅진북클럽 슈퍼팟잉글리시로 화상수업 했어요,1
전기기사 응시자격 요건 손쉽게 갖췄던 나만의 방법!,1
생활 중국어 회화 太/不太 부사 표현 연습하기,1
초등 글쓰기 주제 되돌리고 싶은 순간은?,1
자기계발은 어디서든 편안하게 오마이스쿨 온라인강의로 시작해요,1
로봇 관련 진로는 어떨까요?,1
초등영어문법 더 잘하고 싶다면 그래머킬러,1
중학교인강 홈스쿨링 과학 & 4월 영어듣기 능력평가 대비까지!,1
[연수 기록] 학교혁신 청년교사 2차 워크숍,1
[영화인문학] 인문학강사가 추천하는 2022년 그린북으로 나답게 살기로 마음테라피 어떠세요,1
아이스크림 홈런 특별학습으로 코딩까지 해결,1
"학점은행제 화학공학 , 전문대 화학공업과 학사학위",1
강남취미미술 공방 이색데이트로 물감아트클래스에서 그림원데이 후기,1
"♥[엄마표영어 50m, 9Y]3점대 중후반, 집중듣기에서 묵독으로, SR 급락, 화상영어 지속",1
<그림책윤연구소> 나만시 그림책 가을 특강과 입문과정 안내,1
똑똑한하루독해 초등국어문제집 꾸준함이 답이다!,1
블로그 방문자 1000명을 목표로 해야 하는 이유,1
군무원 시험 실패 없는 합격,1
대구 운전면허 기능시험 합격 후기 + T자 코스 방법,1
10월 25일 독도의 날! 독도 팝업북 만들기로 독도를 알아보아요^^,1
초등독서  천재교과서MilkT  다양하게,1
"[교단일기] 합창단 지도, 아카펠라 연습, 컵타",1
맞춤형화장품조제관리사 시험일정 파악하여 핵심강의로 학습!,1
유기농업기사 자격증 시험조건 알아보고 갖추는 방법!,1
신재생에너지발전설비기사(태양광) 자격증 시험조건 한번에 해결!,1
호주 약대 : 온라인 수업으로 시작하기,1
중학연산  중학생 밀크T 차곡차곡,1
7급공무원 시험시간 PSAT 목표의식,1
조경산업기사 자격증 정보,1
해법독서논술 케어과정으로 초등학생 저학년 문해력을 높여보아요,1
[한국산업안전보건공단 인턴 채용] 총 130명 선발! 경쟁률 및 자소서 작성 가이드,1
"음란물유포죄, 주장에는 명백한 근거가 필요합니다",1
현근이의 자기주도학습(2)(과목별 학습법/출간 일정),1
[마감] 3주만에 프로 블로거되자! 다꿈스쿨 입문반 4기 함께해요!(다음강의 4월 17일 ~ 5월 1일),1
식물보호기사 응시자격 갖추고 나무의사 자격증까지 준비하기!,1
"블로그 링크걸기와 전화번호 연결, 가장 쉬운 방법과 주의사항!",1
초등홈스쿨링 어렵지 않아요,1
[초2수학] 여러가지모양 & 다각형의 사고력퀴즈는 수학뒤집기으로 준비해요 >_<,1
블랙프라이데이 실속쇼핑은 지금이야,1
한국차일드아카데미 생활통통 생활습관동화책으로 혼자서도 잘해요!,1
초등 6학년의 혼공 수학 : QR코드 무료인강을 활용한 초등수학공부법,1
[마감] 나를 세우는 블로그 글쓰기 1:1 코칭,1
초등전과목 웅진스마트올 투게더 수업이 있어 든든해요,1
발표불안과 자신감있는 목소리를 위한 줌 강연 후기입니다,1
"D-99, 코로나19발 교육격차에 따른 2021대입 공정성 문제는 어떻게?",1
윤선생 초통영 스피킹버스 말하는 즐거움을 알게하다,1
2020 군무원 시험일정 확정에 따른 계획 세우기,1
초등 국어 문제집 천재교육 똑똑한 하루어휘 재미있게 공부해요,1
초등영어문법 일주일에 한 시간이면 오케이,1
어린이날 카드/ 어린이날 선물포장 도안 공유_미키마우스 일러스트,1
[기상학] 키 큰 고기압과 저기압 & 키 작은 고기압과 저기압 차이,1
"성인구몬, 가성비 좋은 외국어 학습지",1
대치동고등수학학원 다니고 공부습관을 바로 잡았어요,1
[세종사이버대학 한국어학과] 졸업&지역문화답사 둘째날 낙안읍성과 선암사(in순천),1
온라인영어도서관 영어 실력은 기본 가성비 넘치니까!,1
개념쎈 신사고 초등수학 공부의 기초잡는 기본문제집,1
9급의료기술직공무원 2019 전국 경쟁률,1
청소년상담사 3급 취득하기 위해선?,1
"한국사능력검정시험 독학 후기, 3일 밤새면 충분해요",1
남양주 아이와가볼만한곳 물레체험 카페도자기마을,1
대치동 수리논술학원 예비 고3이 많이 선택한 곳!,1
"독서의 계절, 가을! 독서 어플 및 독서템 추천",1
"한글날, 우리 글의 소중함을 되새기는 교육 사례와 행사를 알아볼까요?",1
초등5학년수학문제집 기본 심화 교재 소개 디딤돌최상위 점프왕최상위,1
방통대 사회복지학과 편입 고졸의 대비 방법,1
인스타 3분할 릴스 스토리 영상 숏폼 만들기 (feat.캔바),1
생활스포츠지도사 2급 보디빌딩 합격 자격증 취득 후기,1
컴포짓 차트(Composite chart) 시리즈 — 【1】 상승궁(ASC),1
초3 취미생활_미술 피아노 음악 감상,1
[기념일] 한글날,1
[모집~13일까지] 놀이치료사를 위한 느루네공부방 | 상담자 소진 예방과 성장을 위한 느루미미페이퍼 힐링 업그레이드,1
"서울대학교 채용 공고, 자소서, 연봉(2024년 하반기)",1
"수능 국어 김종현 강사 6주 파이널 수업 접수 중 … 정규수업, 이감모의고사 등 구성",1
과학상식만화 AI 로봇 세계에서 살아남기 1 미래엔 아이세움,1
"2023년 국가자격 수기공모전 (주말부부 워킹맘 공군 주무관, 기술사 2관왕)",1
"24년 모트라스 연봉과 임단협(채용, 초봉, 사원, 대리, 과장, 차장, 성과급)",1
"홍대,시립대 논술 시험보러 가는 학생들이 알아둘 것들 /2024.10.2",1
광개토대왕. 한국 역사상 가장 위대한 정복자,1
10월 파네토네 판도로 파스타 마드레 원데이클래스 공지,1
"친구 부고 위로 문자, 부의 답장 예시 및 장례식 예절",1
바로 실천 가능한 부담 없는 아들 키우기 꿀팁 ft. 가든 패밀리 영상,1
2020년 추석 코로나  인사말 문구 문자 편지,1
"이솝 우화 ""개미와 베짱이""는 잘못 번역된 제목",1
🎶:[한국을 빛낸 100명의 위인들] 외워보기(1~2절),1
"기업명 롯데, 해태의 말뜻과 서울시의 심벌 해치",1
2024년 갑술월 운세 10가지 일간별 총정리,1
가제트 AI 활용을 통한 블로그 포스팅 10분 만에 하는 방법,1
그래프 개념어16+α.pdf,1
용인 외대부고캠프 1주차 _캠프일지,1
"초등 임용 1차 교육과정 A, 교육과정 B 문제 푸는 순서 추천",1
목사님의 고민 ‘기도’- 유머와 조크,1
[초4] 기파랑 문해원 레벨 테스트 결과,1
"전국 자사고 순위와 학비 총정리 : 민사고, 하나고, 상산고, 외대부고",1
인하대 논술시험은 여전히...3등급 학생에게는 쉽지 않아요.  /2024.10.8,1
갑진년 10월 갑술월 운세 리뷰 (feat. 명리전도사),1
대치동수학 잘 가르치는 솔빛창의과학영재학원 카운슬링,1
INTJ 여자 특징을 알아보자 ft.짤 설명,1
현재 중3 이후 수능은 지금의 수능이 아니다,1
[플룻(플루트) 교실] 18세기 플루트에 대해 알아 보아요~,1
2025 전국자사고 광역자사고 외고 국제고 입학설명회 후기고 원서접수 일정 모집인원 총정리,1
"미국변호사시험에서 계속 떨어진다면 어떤 변화가 필요할까? - 원인 분석, 바프랩 및 강의 확인",1
예쁜 순우리말 단어 모음 뜻과 함께 정리,1
"티처스 27화 링거 투혼 내신 1등급 고2 학생, 모의고사 성적은?",1
서울대 합격자순위로 보는 수능위주 VS 종합전형 위주 고등학교 비교,1
차례상차림....지방 쓰는법...명절 차례상차림 및 지방쓰는법,1
"[예림당]Why? 인문고전 - ""소학""",1
긴급재난지원금 이의신청방법(가구 재산정 기준),1
학점은행제 통해 효율적인 학비 절감과 편입 준비 성공,1
을목 경금 을경합 궁합,1
직장인 사회복지사2급 자격증 온라인수업 및 실습까지!,1
미국 의대 - 미국 의대를 위한 Premed 과정에서 EMT가 되는 방법은?,1
나의 강점찾기가 중요한 이유와 강점찾기 활동지,1
9월의 영어책 & 영어원서 집중듣기,1
과일에 대한 꿈해몽 꿈풀이 모음,1
대구미술학원 초중등 맞춤형 수업이 진행되는 수성구 앱미술학원,1
사회복지사2급 필수과목 알고 취득했어요,1
대구침산 초등수학학원 문제해결력 높인 과정,1
물리치료학과 대졸자전형 성적 관리 받고 합격했어요,1
가을 일상_다이어트와 가을야구,1
2024-2026 처녀자리 운세 완전정복 - 3. 후반전,1
"서초/송파/강남SQL학원 데이터베이스, DBMS 기초+실무+자격증",1
유아 기초영어 21일차 요일 영어로,1
과학동아 스마트 과동 Smart 플러스 문해력 과학지식을 한 번에,1
일상생활에서 활용하는 상담 기술: 신뢰와 소통을 위한 5가지 기법,1
수내동 수학학원 즐겁게 배우는 최상위,1
[정보제공] 탄소중립실천포인트 친환경 리유저블컵 그린업 춘천E컵,1
유가읍 수학학원 신월성 강의하는 아이들 학부모 설명회 [엄마의 역할],1
아산 한글 소한이 공부방 | 고피쉬 단어카드로 한글 공부해요,1
"노원구유튜브학원 저작권, 장비, 편집까지 알아보자",1
쾨펜의 기후구분 기온 강수량 총정리,1
"서초구립 양재도서관, 역시 👍",1
초등학생 인강 1등 학습으로 관리해요.,1
소방설비산업기사 학점은행제 인강 듣고 준비하기,1
대학원 입시를 위한 자기소개서 학업계획서 면접 컨설팅,1
학점은행제 신청기간 알아보고 하기,1
특목고순위와 우리아이 꿈을 향한 특목고 입학 도전기,1
서면VFX학원 영화 속 특수효과를 내 손으로?!,1
펫푸드를 다양하게 배워서 창업준비 하기,1
의정부컴활학원 1:1 수업 듣지 말라고? 합격/실무관점 수업,1
외국고 해외고 졸업자 국내 주요대학 진학은?,1
방배동 영어학원 언어의 벽을 극복하다,1
시니어 학습지 두뇌개발 강화 프로그램 이용후기,1
노인 주거정책의 개선 방향,1
아주대 논술 전형으로 합격한 후기 공유해요,1
병에 걸리는 꿈 의미 병걸리는꿈 상황별 해몽,1
성인지 감수성을 높이자! '성희롱 예방교육' 강사초빙 (무료),1
케이크디자이너자격증 취득하고 취업까지,1
안산직업학교 유망IT취업 국비지원무료교육 기초부터,1
초등수학인강 단계별 학습 관리,1
분당 정자동 영어학원 좋은 선생님을 만난 효과,1
건설기초안전교육 교육비 지원사업,1
IT교육학원 초보자도 가능한 국비지원취업과정,1
학점은행제 아동학사 온라인으로 유보통합 준비했어요,1
2025 덕성여대 수시등급 정시등급 논술 경쟁률 약대 2024 덕성여자대학교 모집요강 학생부종합 교과,1
콩나물쌤의 문해력 꽉잡는 한자어 수업 공구,1
대학 과제 리포트 작성의 모든 것: 체계적 접근으로 성취도를 높이자,1
시각디자인 학과순위 취업 대학 전문대 추천하는이유,1
미국 의대 - 미국 의대 지원을 위한 Premed에서 CNA 되는 방법은?,1
식음료학과 현실적인 취업 고민,1
"사회복지정책의 평가: 과정, 산물, 성과 분석의 중요성",1
"초등 수학보드게임 추천, 구구단 수학트레인, 도형 수학트레인",1
성범죄전문변호사 환자 강제추행한 간호사 고소 사례,1
중앙대학교 대학원생 우당탕탕 일상 기록... (feat. 랩실 없는 전일제 대학원생),1
5학년 2학기 다지기 교재 선택 방법! 디딤돌 문제 유형  + 디딤돌 연산 +  국사과 통합본,1
한국어강사 자격증 온라인 학습 및 취득 절차 정보,1
한국 멸종위기동물 WWF × 야놀자 애니스테이(ANISTAY) 후원,1
논산 사회복지사2급 온라인으로 취득한 후기,1
건설현장 안전관리자 비전공자도 준비했어요,1
사회복지사2급자격증취득방법 인강으로 누구나 쉽고 빠르게,1
반월당 요리학원 에서 시작해서 삼성생활예술고 입학 까지!,1
손해평가사 시험 응시자격 및 공부방법(+인강추천),1
재경관리사 시험시간 및 일정대비 상세한 합격 공부방법,1
"흑백요리사 열풍, 요리사가 되고싶다면 코요아와 함께!",1
중계동수학학원 추천 기말고사 100점 전략,1
역삼중 도곡중 수학학원 신뢰로 이룬 상위권 달성,1
재경관리사 시험장소 및 공부방법 합격 후기,1
검단왁싱 정착하게 만든 남자왁싱 후기,1
자사고준비 전형에서부터 면접까지 한 번에 관리 받는 방법,1
[함께 해요] 잘 굴러가는 교사 공부 모임 연구💡,1
컴퓨터관련직업 유망IT취업 무료상담부터 국비실무교육으로,1
[1탄]2024년 추계 무돌길한바퀴 1박2일_북구구간_제1길 싸리길~제4길 원효계곡길까지,1
압구정역 수학학원 첫 내신 성적 성공 후기,1
가족 문제 해결을 위한 사회복지적 접근: 한국 사회의 새로운 패러다임,1
엄마표영어 6세 학습지 유아 파닉스교재 추천,1
2024 한국수자원공사 채용 공고 일정 면접 분석,1
인도네시아 기후 의식주 전통 의상 음식 가옥,1
초1 어린이화상영어 추천 VIPKid 커리큘럼,1
[문화예술] 앙코르브라보노 사회적협동조합과 함께 한 남원 팬슈머 활동,1
디지털 교육을 선도하는 디지털콘텐츠그룹  스마트폰활용지도사 13회 워크샵,1
ESTP 특징으로 보는 사내에서 엣팁 팩폭,1
간호학과 대학교 수시등급 국가고시 정보,1
SNS 광고마케터 1급 자격증 불합격에서 합격 된 후기,1
부산토익학원 제대로 배우면 고득점 가능해요,1
판교수학학원 이동 후 믿기 어려운 성적 변화,1
2025 숙명여대 수시등급 정시등급 논술 경쟁률 2024 숙명여자대학교 모집요강 농어촌 사회적배려,1
직장인 야간대학교 서울 경기권 편입 제대로 알자 ft.한양대에리카,1
과학뒤집기 기본 초등과학책 성우 뒤집기시리즈,1
"두산건설 채용, 공대생 출신 자소서전문가의 취업전략",1
설레임 설렘 뜻 차이 올바른 맞춤법 알아보기!,1
군대 입영 연기 간편하게 신청했어요,1
장사는 건물주다 : 리에제와플 디저트카페창업의 지침 강의,1
인천 평생교육원 사회복지사2급 이수하기 쉬움주의!,1
군대 운전병 지원자격 커트라인 합격 방법 - 운전자 보험 필수,1
"셰프 되는 법, 알아보자! 영 셰프 트레이닝 과정 소개!",1
수원 위탁교육 학교 2025 고3 IT 요리 미용 제과제빵,1
"뱀 나오는 꿈 해몽 ,길몽인가요?",1
"엘지유플러스 채용, LG U+ PLUS 자소서를 꼭 준비해야 되는 이유",1
초3 수학학원 개념 공부 홈스쿨로 다양하게 이해 돕기,1
박우연 작가 치매를 막는 마법 노하우 내가 변하면 뇌도 변한다,1
"ESTJ대치맘인 꽃보다사람은 왜 성대 경시, 황소 입테를 안보나요?",1
일주론 정해일주 사주 성향 특성-김해 칠성당,1
1등 밀크T초등 초등학생 인강 선택,1
수원 평생교육원 사회복지사2급 고졸도 취득했어요,1
"세상에 없었던 기묘한 AI 영재 수업 【ST영재클래스 in 송도, 대치】",1
구글 계정 비밀번호 찾기 변경 방법 / 챗GPT 디지털 강사 김숙명,1
산업안전기사 학점은행제 단기간 끝낸 방법,1
노인 주거정책의 발전 과정,1
"Cpk, PpK 뜻(의미), 공식 및 품질 현업에서 사용 예시",1
Beautiful Your Scent 16년 베테랑 조향사와 함께한 미사 향수공방 530루밍 원데이 수업,1
"[한국수자원공사 면접] 수자원 PT, 인성 준비 방법, 후기(Ft. 기출질문)",1
"7년차 교사가 알려주는 어린이집 면접때 나오는 면접질문과 답변지 (경력교사용,신입교사용 공유)",1
광양 불암사 유물전시관,1
"송파/서초빅데이터분석기사학원 필기, 실기 자격증 대비반 운영",1
대한민국의 사회문제와 사회복지적 대응: 우리의 과제와 방향,1
사회복지사 2급 실습 성공적으로 마치는 솔직 후기와 꿀팁,1
장명루만들기 &산가지놀이 대구달서구자원봉사 청소년들과 함께,1
초등학생 실내놀이터 추천 건대 보드게임카페 키랩 보드게임카페 건대본점,1
굳이 구지 뜻 차이 올바른 맞춤법 알아보기,1
한글날 활동지 도안 : 세종대왕 팝업북,1
중등인터넷강의 단계별로 쌓는 공부습관,1
조주기능사 단기 합격 후기 (+실기 시험장 준비물),1
성동구 성수동 수학학원으로 내신 90점으로 올랐네요,1
일주론 정유일주 사주 성향 특징-김해 점집 칠성당,1
장거리연애타로 주제별해석14번 절제,1
자산관리사 후기 독학 시험일정 은행FP 요약자료 pdf,1
중학생제과제빵학원 청소년 베이킹 클래스,1
밸런스브레인 제주센터 뇌기능 검사 - 제주아동심리 상담,1
서초/송파/강남SQLD학원 2~3주 교육 후 취득하는 과정 안내,1
중앙동일러스트학원 | 디지털드로잉부터 일러스트자격증까지 [국비지원/내일배움카드],1
강북미용학원 네일아트 배우기 마무리 단계♡,1
아노미 현상과 사회복지적 대응: 현대 사회의 과제와 대처 방안,1
학점은행제 대학원 진학 온라인으로 준비했어요,1
국가기간전략산업 직종훈련추천 유망IT취업과정 기초부터,1
"노원엑셀학원 회사 정착의 기본기 학습 1. 엑셀, 2. 포토샵",1
초등 고학년 추천도서 나는 뚱뚱하다,1
"초등 신문 읽기 도서 4종 비교, 공부 잘하는 아이의  똑똑한 신문 읽기 추천",1
"93세 어머니, 추모예식 설교",1
돌파수학 대치 핫학 학원,1
붙히다 붙이다 뜻 차이 올바른 맞춤법 알아보기!,1
와이즈만 영재고 과학고대비반을 소개합니다,1
GTQi 1급 일러스트 자격증 시험 일정,1
수지수학학원 꼼꼼한 교과진도 수업,1
일주론 정미일주 사주 성향 특성-김해 신점 칠성당,1
"강남리눅스학원 실무 활용 및 리눅스마스터 2급 , 1급 취득",1
유보통합 교사자격 확인하고 대비했어요,1
[려원][초5][수학][6-2] 4 비례식과 비례배분 / 차이를 받아들이는 파초하의 방법,1
[한국디지털융합진흥원]AI 아티스트 28기 모집: 새로운 미래를 여는 AI융복합기회,1
손해평가사 시험일정 및 1차 2차 과목별 공부방법 (+독학 난이도),1
학점은행제 과 잘 알아보고 선택했죠!,1
10월9일(수) 저녁9시 < 청약의 신이 알려주는 청약 & 분양 > 무료특강,1
건설안전산업기사 응시자격 온라인으로 만들었어요,1
"""지금 수학을 하면 게임을 할 수 있어."" ft. 초등 연산은 필수!! 물론 중등 때도 연산은 필수!",1
스마트폰 사진 교실/성동구 지역자활센터 이정화 강사,1
대전 정림동 피아노 '라라음악학원' 피아노 레슨 찐 내돈내산 후기 성인 한곡 완성 취미반,1
"구글 마케팅 자격증 (Google Analytics) 하루만에 따기!(선 자격, 후 공부)",1
프로포절 뜻 제대로 알아야 떨지 않고 교수님 앞에서 할 수 있다,1
(영어회화표현) 그건 니 생각이고 영어로? 비슷한 표현,1
직장인 사회복지사2급 자격증 10개월로 준비하려면!,1
온대기후 특징 나라 의식주 의복 음식 집 총정리,1
초등3학년수학 기본개념부터 온리원 추천도서 학습까지,1
토플 리스닝 고득점 비법: 공부 방법과 자료 추천!,1
심리학자격증 온라인 진행 학습법 및 후기,1
농산물 손해평가사 연봉 실수령액 및 자격 취득방법,1
천호동 레고카페 브릭스파크 후기,1
조경기사 자격증 온라인으로 준비 후 합격했어요,1
목동미용학원 속눈썹연장/펌 배우고 직업변경,1
프론트엔드 백엔드 IT 공부 시작!,1
"사회복지사 자격증 일자리, 임금, 취득방법",1
"이항정리 일반항, 이항계수 공식 예시 문제",1
"거산초등학교 (아산) 2025년 입학설명회, 아이 행복 혁신학교, 리모델링 완료",1
부끌 대학 도여사님과 하루한달 브랜딩 후기,1
"[보통언니들 9월] 유아부터 초저,실버까지 가능한 게임5가지 소개!! 사운드메모리, 드위비스, 몽키메모리, 스피드, 개구쟁이고양이",1
"9급 공무원 직렬 종류, 꿀직렬 OOO만 한 것도 없다",1
"일식배우기, 어디서부터 시작해야 할까? 일식의 특징부터 커리큘럼 소개까지 모두 해드립니다.",1
산업안전기사 응시자격 확인 후 빠르게 갖춰보자!,1
시각디자이너가 하는 일 역량 향후전망 등 알아볼까요?,1
물리치료학과 학점은행제 8개월만에 갖췄죠!,1
영양사 시험자격 고졸도 학점은행제로 단기간에!,1
"홍콩대학교 입학, 순위, 학비   HKU",1
노원구엑셀학원 컴활 장기간 합격 희망자에겐 추천않는 포스팅,1
초등 넌센스 퀴즈 모음 재밌는 레전드 문제 위주,1
"네픽스버스 NFXBUS 할인코드, 유튜브 프리미엄 우회 결제 없이 시청한 후기",1
수지구청 수학학원 통해 점수가 수직 상승,1
인천요리학원 조리기능사 자격증 수업종류와 특징,1
어떻게 어떡해 뜻 차이 올바른 맞춤법 알아보기!,1
'찾아가는 근로자 안전교육'  강의주제 및 커리큘럼 (맞춤교육),1
이란 이스라엘 대규모 공격 감행 폭격 텔아비브 총격 테러,1
초등학습만화 장풍쌤의 과학풍딱지 2,1
산본 과학학원에서 과탐 걱정 삭제,1
건설업 기초안전보건교육 비용 무료 수강,1
인천시   읽걷쓰 북클럽 서유당 오프모임 후기,1
"장기요양보호의 정의 및 필요성, 장기요양보호서비스의 체계와 종류",1
[원주기업도시학원]자존감! 건강하게 키우는 방법,1
양식요리학원에 가서 양식조리기능사 한 번에 붙었어요,1
한국나노마이스터고등학교 입학 경쟁률 취업률 설명회 정보,1
리더십의 이해와 본질 (소통과 공감 대표 유경철) HBR 리더십 인사이트 종합본 1편,1
"서울공예박물관 어린이박물관 예매 및 주차 꿀팁, 이용 후기, 서울 어린이 체험 활동",1
가산디지털단지역 점심 맛집 김명태 매운갈비찜,1
컬러리스트기사 vs 산업기사 자격증 차이점 비교!,1
"요즘 뜨는 유행, 나에게 맞는 트렌드로 읽는 법 / 대학내일 이제흔 연구원 리드앤두 오프라인 강의",1
놀이학습 유아보드게임 락페이퍼스위치 추천!,1
전북특별자치도 임실119안전체험관,1
용인 속눈썹펌 ‘반디인하우스앤큐릭스 죽전스타필드마켓점’,1
"블로그가 만든 삶의 변화 │ 블로그 체험단 수익, 일방문자, 대행사",1
"유퀴즈 미국 최연소 검사의 공부법(feat. 포토리딩, 끌어당김)",1
여수석유화학고등학교 2025 입학전형 취업률 정보,1
"춘천 스터디 카페, 춘천 관리형 독서실 찾는다면?",1
#수학 교과서#출판사#저자#초등학교#중학교#고등학교 각 학교별 수학 교과서 #수학 대표 서적 강남지역 송파지역 기타 지역 학교별 수학 교과서 출판사 저자 대표시중교재정보,1
수능없이 대학교 가는 방법? 학점은행제 편입!,1
[미래로교육연구소] 경상 국립대학교 '제2기 지누 실버 아카데미' 치매예방 & 두뇌훈련  특강 후기,1
"[통합과학]03. 물질의 다양한 성질과 신소재 - 전기적 성질을 이용한 신소재(Inc. 도체, 반도체, 절연체 그리고 영상 디스플레이)",1
장롱면허 운전연수 비용 초보 방문운전연수 가격 내돈내산 솔직 후기,1
산업안전기사 학점은행제 직장인도 가능해요,1
건드리다 건들이다 뜻 차이 올바른 맞춤법 알아보기!,1
전기산업기사 자격요건 인강으로 쉽게 만들었죠!,1
노원네일학원 국비지원 받으면서 공부하기,1
사회복지사1급 자격요건 온라인으로 쉽게 갖췄어요,1
"오픽 AL 독학으로 이틀만에 달성한 후기 (2024 오픽 서베이 항목 선택, 오픽 꿀팁)",1
긍정 마인드컨트롤 도움 되는 글귀 영어 좌우명 모음,1
"[한국전력기술 채용] 경쟁률, 연봉",1
출판디자인 인쇄를 위한 디자인실무 알아보기!,1
초등 저학년 추천도서 요괴동화 아야미니의 요괴대모험2 쇠만 먹는 내친구 불가사리,1
"[국민건강보험공단 상황면접] 건보 상황 준비 방법, 후기, 답변예시(Ft. 기출질문)",1
아동학대전문변호사 경찰청 아동학대 훈육 판단 지침서 배포,1
SNS 마케팅 때문에 답답한 사장님들께..! [강의안내],1
가을 활동 추천 허수아비 직조 활동지,1
"10월에는 더 잘 살고 싶은 당신에게, 자기성찰글쓰기",1
SMART 목표설정 9월로 점검하며 반성하기,1
한대기후 특징 나라 의식주 음식 의복 집 총정리,1
어린이과학동아로 초등문해력 길러주기,1
지텔프 인강 독학으로 65점 목표 점수 달성,1
사회복지사 자격증 여성 유망직종으로 선호 받는 이유,1
ADsP 비전공자 기출문제 어플 CBT 문제은행 데이터에듀PT,1
채드윅 송도국제학교 수학 내신 대비 준비,1
강동소년법변호사 소년분류심사원 입소 의뢰인 방어 사례,1
대구케이크학원에서 전문 기술 탄탄하게 배웠어요!,1
인천 논현동 고등수학학원 대치동 원조 그대로,1
AI영어 하이도도 영어기초 다지기 좋은 프리스쿨앱,1
상인동 대천동 유천동 수학학원 강의하는아이들 학부모설명회 [엄마 도와주세요],1
"신비로운 솔숲에 자리한 삼릉 (신라 제 8대 아달라왕, 제 53대 신덕왕, 제 54대 경명왕)",1
선취업 후진학 온라인으로도 가능했어요,1
"늘봄교사 자격증 , 제2의 커리어가 되었습니다.",1
서면일러스트학원 편집디자인트렌드 제대로 배워볼까?,1
"제프 베조스(Jeff Bezos, 1964~): 아마존 성공 비결과 우주 탐사 도전",1
서면K디지털학원 내일배움카드활용 무료취업교육 IT직업학교추천,1
"관광통역안내사 국사 공부방법 및 준비기간, 취업 연봉",1
사회복지사 요양보호사 기간 단축해서 취득했어요,1
압구정 수학학원 신사중 90점 달성,1
중학교인강 실력별 기초학습 과정,1
분당 국어학원 수능 1교시 망치면 안되니까,1
2024 연세대 정시등급 경쟁률 2025 연세대학교 모집요강,1
2024 기아자동차 하반기 채용 공고 일정 면접 분석,1
정보처리기사 자격요건 온라인으로 준비하는 법,1
학점은행제 과목당 비용 분석 : 가성비 최고의 학습 방법,1
"딥러닝국비지원학원 - 컴퓨터 비전, 자연어 처리 전문 교육",1
직업교육훈련 4차IT직종 국비취업과정 기초부터,1
2024 한국수력원자력 채용 공고 한수원 면접 준비 방법,1
금융공기업NCS - 3개월이면 필기 합격할 수 있습니다.,1
완도수산고등학교 2025 입학 완도수산고 취업률 총정리,1
흑백요리사 요리계급 미슐랭 알아보자!,1
책 예약 판매 대성공했습니다,1
건축인테리어 다양한 캐드종류 활용하기!,1
"[현대문법수업] 높임표현 3단계 수업 + 학습 전체 과정 소개 및 수업 영상, 활동지 공유해드립니다 :-)",1
형사전문변호사 보이스피싱 사기당했는데 현금수거책으로 처벌받을 위기라면,1
흑백요리사 팀전을 통해 본 사주 오행별 리더십 특징,1
"우리카드 채용, 무스펙 전형에 역량강점 자소서로 합격하는 전략",1
"[자기혁신 성장일기]EP123. 나는 성장하고 있는가? (Part2. 생활, 일상)",1
현대공업고등학교 2025 입학 경쟁률 성적 취업률 총정리,1
[교통기관프로젝트]유치원 교통기관 놀이/교통기관 미술/놀이유치원,1
"해리엇 터브먼(Harriet Tubman)(1822 - 1913): 자유의 상징, 노예 해방 운동의 영웅",1
"바다쌤 가을협동화 가을풍경색칠하기 : 어린이집 가을 놀이 , 유치원 가을놀이",1
"받아올림 나오는 초등학교1학년수학, 2학기 교과서, 목차 pdf 다운",1
"프레스터스의 조직 적응 유형을 활용한 인재상 설정: 상승형, 무관심형, 모호형의 장단점을 극대화하는 방법",1
[디지털 마케터 취업 준비] 도와세움 디마에 71기 11주차 후반 후기,1
고품격 시니어 실버를 위한 스마트폰 활용 교육 소통대학교 에듀콘서트에 초대합니다.,1
행복한 부부의 비밀 ... 사랑의 10계명 (주례사),1
"학부모 상담 일지, 자료 공유",1
건설안전기사 연봉/시험과목/전망 후기,1
전산세무회계1급 시험 접수 비전공자 공기업 가산점 따기,1
바람 바램 뜻 차이 올바른 맞춤법 알아보기!,1
[온라인][수오재문해력스터디][급수한자편] 10월 4주간 함께 한자를 익힐 어린이를 모집합니다.,1
초등영어 수능까지 멀리 보며 아이스크림 홈런 해지할 수 없는 이유,1
국공립 상동어린이집 그림책 부모교육/ 비주얼 리터러시를 기반으로 하는 그림책 깊이 읽기 / 나만시그림책윤연구소 윤지은대표,1
미국 일상 외식 물가,1
건설안전기사 필기 합격 비전공자 단기간 준비,1
일주론 정사일주 사주 성향 특성 김해 사주 칠성당,1
달서구 월성동 강의하는아이들 수학학원 학부모 설명회 [숨겨진 수학 머리를 깨워라],1
"초3 독서_ AR 3점 AR 4점대 집중 듣기 로알드 달, 넷플릭스 영상",1
"【웃음코칭, 치매예방 자격과정, 뇌 활성화 프로그램】 진주교육대학교 평생교육원 실버재활웃음코칭상담사 25기 2주 프로그램: 뇌를 활성화하라",1
흑석동 수학학원에서 내신 90점 성공,1
삼성동 수학학원 드디어 찾은 학습의욕,1
식물보호산업기사 응시자격 갖추고 취업했어요,1
고3 2023년 10월 모의고사 전체파일 및 과목별 등급컷,1
영훈국제중학교 학비 2025 입학 전형 진학률 내신성적 정보,1
초등 사고력수학 엘리하이 저학년부터 체계적으로,1
크레타클래스 가격 영어 수학 2주 100원 체험 후기,1
🇨🇦 토론토에서의 40일 #절망편,1
자바개발자 취업방법 비전공자는 어떻게?,1
"[제빵기능사실기] 부산연제제과제빵학원 제빵기능사 실기 수업 기록하기(14.빵도넛, 스트레이트법)",1
오산 사회복지사2급 자격증 쉽게 취득한 방법,1
동두천 사회복지사2급 늦은 나이에 취업했어요.,1
밀크티아이 처음공부 무료체험만 해도 신세계 상품권 3만원 증정,1
자기소개서 단점 활용 및 예시 취업에 유리하게 활용하는 방법,1
"[미국 일상] 미국 초등학교 공부에도 도움되는 초등학생 영어 리딩 독해 문제집 추천, NE 능률 Reading Expert 리뷰",1
2024 서울대 정시등급 분석,1
국비지원IT부트캠프 무료상담부터 실무배우고 기업연계까지,1
최고의 화상영어 민트영어와 함께 1년 동안 영어회화 공부한 솔직후기,1
"보육교사2급자격증 다양한 취업 분야, 초등돌봄전담사 그리고 유보통합",1
어린이영어 렛미톡으로 원어민선생님과 회화 자신있게,1
"가족, 하나의 체계: 가족생활주기와 그 안에서의 과업과 기능",1
다산 도농 수학학원 플루리움 영어학원 중학생 고등학생 국어 내신 시험대비,1
시니어 프로그램 강사 무궁화 꽃반지 미술수업 솔직 후 기,1
"초등 문해력 논란, 남의 이야기일까? 어린이과학동아로 공부 흥미 일깨우기",1
세곡동 수학학원 예비중1 리터니 첫걸음,1
BX디자이너 감각적인 브랜드디자이너가 하는 일 알아보기!,1
안산시 단원구 본오동 원어민 영어회화 유앤아이 잉글리시 코칭 플래너 화니 말하는  일대일 영어'회화,1
"한글 프로젝트, 활동 공유",1
세계창작동화 바바파파어드벤처 유아책추천,1
2024 사회복지사1급시험 일정 및 독학으로 합격한 공부방법,1
2024 GTQ 포토샵 1급 자격증 시험 일정,1
잠실학원사거리 삼전동독서실 24시 이노블스터디카페 가격 시간권 기간권 후기,1
[마감] 캔바초급챌린지 18기 강의 수강생 모집 (100%환급무료),1
생활체육지도자 2급(+노인) 시험정보 및 합격후기,1
동성로 대구으뜸안경 [좋은 제품 합리적인 가격],1
"노인 소득보장 직접급여 프로그램, 사회보험의 국민연금",1
논현동 수학학원 첫 교과수업으로 딱,1
상주 요리학원 에서 조리학과 입시 케어 받았어요!,1
월급쟁이부자들 강의 후기 (월부닷컴) 1000만원으로 시작하는 아파트 투자법,1
인력사무소 창업조건 편하게 갖췄어요!,1
[마감] ChatGPT로 10분 만에 퍼스널 브랜딩 완성하는 법 PDF 배포,1
실내건축산업기사 실기 필기 응시자격 알고 대비하자!,1
SQLD 2024 시험일정 및 독학 준비방법,1
캐나다 고등학생 유학 노바스코샤 선택 이유,1
서면 초월스터디카페 깔끔해서 공부하기 딱 좋았는데요,1
코딩직업전문학교 국비취업교육 기초부터 포트폴리오까지,1
월부닷컴 월급쟁이부자들 단돈 1000만원으로 부동산 소액투자 가능한 방법 알려주는 강의 완강한 후기,1
코스모스축제 행사사회자 섭외 중요성,1
"[제빵기능사실기] 부산연제제과제빵학원 제빵기능사 실기 수업 기록하기(13.밤식빵, 스트레이트법)",1
부산자동차고등학교 2025 입학 취업률 설명회 총정리,1
반포 논술학원 선생님의 남다른 지도,1
윈터스쿨 체계적인 학습을 통한 변화,1
시니어 프로그램 강사 똥 패할 리 갈리 동화 회상 수업 솔직 후 기,1
생활스포츠지도사 2급 수영 자격증 취득 도전 후기,1
매슬로우의 욕구 5단계와 인지적 욕구의 중요성,1
보건관리자 업무 사후관리조치 건강상담 일지 양식 공유,1
경찰행정학과 면접 및 자기소개,1
초등학교수학 목차 정리 1위 밀크티초등 활용 로드맵 그리기,1
외국인 근로자 안전교육 이수증 취득,1
"경기도 어린이 체험수업, 물레 도자기 만들기 원데이 클래스(feat. 아이고고)",1
하나님의 주권과 신자의 역할 : 느헤미야와 요셉 이야기,1
예민한 사람(HSP)들이 흑화되는 순간,1
초등독해문제집 추천 하루한장 비문학독해 초등국어,1
2024 SNS광고마케터 1급 자격증 시험 일정,1
초등과학질문 책으로 찾기 힘들다면 과학동아AiR로,1
부천미용학원 네일샵 취업 방법 소개,1
인서울 전문대 순위 2024.ver,1
광주 사회복지사2급 쉽게 취득하는 방법,1
품질경영기사 응시자격 빠르게 충족한 방법,1
"[통합과학]04. 산과 염기를 구분하는 방법, 천연지시약으로 그림그리기(지시약 색깔 기억하기)",1
동탄 수학학원 방향을 잃게 되었을 때 찾았던 곳,1
2024년 생활체육지도사2급 실기 구술 후기 및 보디빌딩 변경사항,1
초등화상영어 추천하는 VIPKid 튜터 선택 방법 및 꿀팁,1
"대치동 학원가 대치역 출구별 국어,영어,수학 학원 정리",1
한국산업인력공단 토론 인성 면접 학원 산인공 일반직 면접 후기,1
수완지구 과학 25년입학 광주영재고 합격 하나중3 박0은(Feat. 이제 다른 길을 향해갈 너에게 쓰는 편지)입시탑학원,1
컴퓨터활용능력1급 시험일정 대비 공부방법,1
학점은행제 체육학사 온라인 이론과목으로 수료하기,1
"노인빈곤 해결을 위한 소득보장의 직접·간접급여방법: 공공부조, 사적 퇴직연금(직업연금)",1
자유전공학부 대학 수시등급 전문대 알아봐요,1
2023 수능 등급컷 및 원점수,1
광주자동화설비마이스터고등학교 입학 취업률 설명회 정보,1
"메뉴판에서 자주 틀리는 단어 | 모듬 vs 모둠, 육계장 vs 육개장",1
아이의 변화를 긍정하며 기다려주는 부모의 힘 | 니체의 말,1
부산웹디자인학원 코딩부터 디자인까지!,1
유치원 어린이집 운동회 초대장 자료 공유,1
내가 바뀌면 세계도 바뀐다. (feat. 자유와 성장 독서모임 후기),1
사회복지사2급 취업처와 시작하기 유리한 시점!,1
학점은행제 학사학위 신청 및 취득방법,1
타로학습 4번 황제 운세보기,1
영양사 시험자격 위해 방통대 3학년 편입 준비과정,1
전화영어 민트영어에 장기회원이 많은 이유,1
풀스택 개발자 백엔드 부트캠프,1
일주론 사주 정축일주 성향 특성-김해 신점 칠성당,1
학점은행제 수강신청 하는 방법을 알려드릴게요,1
사람을 살리는 안전교육 ▶ 응급처치교육 (전문강사 무료파견),1
"웹툰 작가의 현실: 연봉, 공모전, 플랫폼 투고 방법 총정리",1
보육교사 평생교육원 온라인으로 자격증 취득했어요,1
기본 한국사 상식퀴즈 모음 쉬운 초등 역사 30개 문제,1
"[북위례 문현고 내신영어 전문] ""along""이 들어간 숙어 표현",1
광주소프트웨어마이스터고등학교 2025 입학 경쟁률 설명회 정보,1
임상심리사2급 응시자격 온라인으로 모든과정 종료,1
사회복지사1급 시험자격 온라인으로 가장 빠른준비,1
전기산업기사 응시자격 온라인과정 준비 후기,1
모바일 게임개발자 초보자 4가지 핵심 팁 후기!,1
초등 한국사능력검정시험 준비는 눈높이한국사로 재미있게,1
"노인빈곤 해결을 위한 소득보장의 직접급여 방법: 데모그란트, 사회보험",1
"한수원 한국수력원자력 면접(토론, 관찰, 인성) 기출 질문, 후기, 경쟁률",1
중년 유망 자격증 사회복지사 2급인 이유와 취업 정보!,1
<모집> 마나블로그 41기  블로그 인스타강의,1
[환경구성] 가을 : 가을 가랜드,1
산업안전기사 자격요건 준비 과정과 진행 방법,1
회사 워크샵 프로그램 트래블레이블 이색 문화회식 국내 가이드투어,1
비전공자 개발자 컴퓨터 국비지원 참고!,1
부산영상편집학원 퀄리티 높은 영상제작배우기,1
고령고등학교 졸업생이 알려주는 고령고 조리과 입학 전 준비하면 좋은 것들!,1
에너지관리산업기사 응시자격 방법 총정리!,1
9월이 풍요로운 이유 두 가지,1
노인 권익 증진 교육 사례로 배우는 노인 인권 및 양성평등 이야기,1
간호사 자소서 지원동기 성장과정 간호사자소서예시 합격자료,1
"북위례 위례솔중학교 영어내신 전문: 이동/방향의 전치사 from, to, toward, for, into, out of, onto, off등",1
의료기관 법정의무교육 과목은?? (한번에 끝내는 통합과정_무료강의 신청),1
[막대 인형극] 과천시립 공원마을 어린이집에서 펼쳐진 전래동화 인형극 공연 후기,1
신도림미용학원 네일아트 배운 찐후기,1
ENTJ 여자 특징 연애 MBTI 궁합 짤,1
산업안전산업기사 학점은행제 쉽게 갖췄어요,1
조카 딸 첫생리 초경선물 리얼키즈515 청결제,1
네이버 브랜드 커넥트 수익 어느새 이렇게...,1
부산UI디자인국비지원 취업교육학원 2D/3D기초부터 웹코딩까지,1
간호학과 대학 순위 수시등급 결과,1
2024 가천대 수시등급 정시등급 수시 경쟁률,1
Kling AI를 활용한 초간편 애니메이션 제작 가이드: 팬더 가족의 자전거 타기,1
송도 입시학원 첫 수업 전부터 만족,1
직장인 MBA 성적관리 받으며 준비했어요,1
네이버 스마트 스토어 창업/창직 수업 공지,1
엄마표 시작이 어렵다면 : 「잠수네 프리스쿨 영어공부법」,1
산업위생관리기사 전망 그리고 필기 공부비법,1
초등수학 6학년 2학기 수행평가 소수의 나눗셈 대비하기,1
건설기초안전보건교육 준비물 및 기관 위치,1
웅진 초등필독서 한걸음먼저 경제 전집 유아부터 추천,1
AI 영화감독 김숙명 '칸 인디 쇼츠 어워드' 단편 영화 출품 / 챗GPT 강사,1
"뉴베리 수상작 루이스 로리 '별을 헤아리며'의 역사적 배경, 줄거리, 느낀 점",1
"세계 여러 나라 활동지, 도안 공유",1
합덕제철고등학교 2025학년도 입학 취업률 설명회 정보,1
아재개그 레전드 퀴즈 모음 초등 넌센스 BEST 40,1
고명환 토크 콘서트 무료 강연 후기 가을 추천도서 고전이 답했다,1
초등과학 공부 뒤집기 기본 초등학생 과학전집,1
<똑똑똑! 집 지으러 왔어요> 줄거리 대박 스포,1
계축일주 일주론 사주 ISTJ 특징 유명인 개운법 (한겨울 눈보라),1
위험물산업기사 응시자격 관련학과 확인하고 준비했어요,1
홍대 해피히피 알로호모라 애랑타로 후기,1
학점은행제 보육교사2급자격증 온라인으로 취득했어요,1
루프트한자항공 이용소감,1
인스타그램 좋아요 늘리기 혼자 시작했던 후기,1
경로당 행복 선생 어르신들과 회상 공기받기 놀이로 협응력 강화,1
장애영유아보육교사 자격증 과목 수강했어요,1
"카카오뱅크 채용, 인터넷은행 자소서 준비에 필수자료 무료배포",1
독서논술지도사 1급 자격증 한국직업능력진흥원 무료 취득 후기,1
재미있는 티처스 과학교구 rc 헬기 핸디 미니카,1
직장인이 부업 말고 사업으로 발전하는 과정 기록(24년 3분기 결산),1
풀무농업고등기술학교 학교 설명회 다녀왔어요 ^^,1
서울여자간호대학교 편입 조건 고졸도 온라인으로 준비하기,1
콜롬비아 원두 파라이소92 망고젤리 산미 세웅지씨 로스팅 커핑,1
수질환경기사 자격요건 필기 실기까지,1
CGV 군인 군무원 할인,1
"(월곡동 해법수학) 2학기 초등수학, 뒤처지지 않기 위한 7가지 전략!",1
12간지 동물 순서 와 띠 속담  성격에 대해 알아볼게요,1
학점은행제 타전공 온라인으로 빨리 취득했어요,1
한국무역협회(KITA) 필기전형 NCS 직업기초능력평가 경제일반 예상문제 (ft. 2025년도 신입직원 채용),1
건축기사 응시자격 서류 온라인으로 발급했어요,1
노인 권익증진 교육 영화로 배우는 노인 인권 이야기,1
"동아대 2025학년도 수시 모집 경쟁률, 최초합격자, 추합 발표 일정, 문서등록, 의대 의예과, 간호학과, 학종, 교과",1
대구 사회복지사2급 직장인도 쉽게 취득한 방법,1
웹개발자 취업 국비지원 공부 전략!,1
연준의 빅컷 금리인하 미국 경제와 대선 그리고 한국에 미칠 영향은?,1
미라클 모닝 기상스터디 10월 모집 아워해빗 아워모닝 42기 (~10/6),1
간호학과 선택과목 미적분 확통 추천 이유,1
"신라장적, 촌락 문서의 내용과 작성 방식",1
재경관리사시험일정 기본 회계자격증 준비해요!,1
인테리어디자인배우기 내가 있는 공간이 나를 보여준다!,1
"사춘기에게 진짜 필요한 말, 칭찬이 아닌 ○○입니다",1
"아산스마트팩토리마이스터고등학교 2025 입학전형, 설명회 정보",1
한국바이오마이스터고등학교 2025 입학전형 취업률 정보,1
서울 :> 한국은행 화폐박물관 (나도 화폐속 주인공 만들기),1
학점은행제 유아교육 인터넷강의로 4년제졸업장 취득하는 방법,1
산업안전기사 응시자격 확인후 시험 준비한 방법,1
"[BGF리테일 SC 최종합격] Chapter 3. 현장실습(SC동행실습, 직영점실습) & 최종면접(임원)",1
경오일주 일주론 사주 INTJ 유명인 개운법(고고한 백마),1
이대요리학원 원데이 자격증 취득 과정,1
청년마루 :: 청년역량강화프로그램 '음료(커피) 만들기',1
영천 요리학원 에서 조리학과 대학교 입시 관련 준비했습니다.,1
중학교홈스쿨링 144만 명이 선택한 밀크티와 함께 해요,1
수지구청 영어학원 개별 학습으로 이뤄낸 성적 향상,1
[초등학교 인형극] 서울 언주 초등학교에서 진행된 성폭력 예방/탄소중립 교육 인형극 공연 후기,1
화장품책임판매업 등록조건 온라인으로 갖췄어요.,1
원산지관리사 합격 후기 및 공부방법 공유(+활용분야),1
"경영지도사 준비기간 및 난이도, 진로, 자격증 취득방법 정리",1
부산컴퓨터도매상가 인텔 I5 12400F+GTX1650 게임용 조립PC,2
아이폰 통화녹음 '이것' 모르면 낭패! 하는법 주의사항 정리,2
아이폰 통화녹음 '이거' 쓸게요... iOS 18.1 업데이트 아쉽지만?,2
"아이폰16 플러스 화이트 '돌풍'... 핑크, 틸 색상 도대체 어때서?",2
갤럭시 S24 자급제 지금 구매할지 고민이라면,2
삼성 갤럭시 Z 폴드6 SE 실기기 유출 및 출시일 유출,2
갤럭시 Z플립6 판매량 목표... 알고 보니 'LG폰' 수준? (플립6),2
갤럭시 S25 울트라 디자인... '진짜' 베가 아이언2 닮았다고?,2
싸이월드 사진첩 복원... 기한 지났는데 '왜' 깜깜무소식일까?,2
애플 iOS 18.0.1 아이폰 업데이트 후기,2
마이인터뷰테스트 MBTI 링크 포함 재미있네요,2
마이인터뷰테스트 mbti와 링크포함,2
"삼성 갤럭시 링, 대박 아닌 폭망 이유 3가지",2
핑 테스트 나만의 핑 링크포함,2
애플 아이폰 iOS 18 업데이트 새로운 기능은? 통화녹음 미지원?,2
아이폰 iOS 18 업데이트 방법 기능 통화녹음 정리,2
부산조립컴퓨터 AMD 7800X3D+RTX4070SUPER 조합 게이밍 조립PC,2
아이폰 16 PRO 프로 iOS 18.0.1 업데이트로 성능 향상된다? 대박,2
"애플 Find My, 나의 아이폰 에어팟 찾기 위치 추적 '드디어 한국 호구 탈출!'",2
"갤럭시탭S10 울트라 써보니... ""LG 벨벳 사태 재현될까 두려워""",2
갤럭시링 출시 이후 유저들의 평가는 어떨까?,2
갤럭시탭 s10 울트라 vs 플러스 차이점 비교,2
닌텐도 스위치2 출시일 가격 곧 출시 예정!,2
9월 30일은 개인정보 보호의 날! (+EVENT 🎁),2
애플 인텔리전스 포함된 iOS 18.1 베타 아이폰 통화 녹음 후기,2
소니 헤드셋 WH-1000XM6 이렇게 나옵니다.,2
캐치 티니핑 하츄핑 꾸래핑 카톡테마 추천 1탄,2
풀프레임 미러리스 카메라 고민 끝! 캐논 EOS R8이 선사하는 '이것' 때문,2
"아이폰16 프로 PRO 성능 후기. 게이밍, 벤치마크, 배터리 체크",2
"인테리어스피커로 제격인, HIFI 오디오프로 C10 MkII 와이파이스피커 상세리뷰",2
갤럭시탭 s10 울트라 플러스 사전예약 가격 디멘시티9300+ 성능은?,2
"갤럭시 Z 폴드6 SE 출시 예정, 스펙 루머 및 정말 이 가격?",2
"키보드와 마우스를 하나로 넣은, 크로셀 C-FLIP Hybrid Touch 무선 접이식 키보드 상세리뷰",2
세종 LG전자 이마트 세종점에서 584만원 할인받고 혼수 신혼가전 계약 후기,2
AI투닝을 활용해 초등학교 3학년과 함께 만들어요. 진로를 찾고 직업카드를 만들어요.,2
갤럭시 z플립6 색상 패셔너블한 아이템 중 하나,2
부산컴퓨터도매상가 인텔 I9 14900KF+RTX4070SUPER 하이앤드 조립PC,2
아이폰16 프로 vs 아이폰15 프로 카메라 성능 차이,2
아이폰 iOS18 업데이트 통화녹음 기능 없다! 사진은 글쎄 제어센터 사파리 광고차단 해보니,2
iOS18 업데이트 18.0.1 터치 문제 아이폰 통화 녹음 기능 외에 뭐가 바뀌었나,2
아이폰 iOS18.0.1 업데이트 동향,2
아이폰 iOS 18.0.1 업데이트 수정된 문제는?,2
아이폰SE4 출시일 가격 색상 디자인 iPhone,2
아이폰 사람 지우기 어플 없이 ios18 클린업 사람 지우기 얼굴 모자이크,2
아이폰SE4 출시일 가격 역대급으로 바뀌는 디자인과 스펙,2
갤럭시 S25 울트라 출시일 가격 예상스펙 총정리,2
갤럭시S24 FE 출시일 가격 자급제 쓸만할까,2
"에어팟4 출시일 사전예약 내돈내산 후기, '좋은데 너무 큰 기대는 하지 마!'",2
아이폰 SE4 출시일 및 가격 디자인 변경 사항,2
유튜브 프리미엄 우회 가격 4천원 따라하기,2
아이폰 음악 햅틱! 아이디어를 내고 실행한 분들에게 박수를 보냅니다!,2
아이폰16 프로 Pro 사용후기 아쉬운 점은?,2
애플 에어팟4 출시일 및 사전예약 가격 정보,2
넷플릭스 요금제 차이 가격 낮추는 방법 월 4천 원대,2
폰성지 카페 더 똑똑하게 휴대폰 구매하기,2
2024 투싼 1.6 가솔린 터보 프리미엄 모의견적 비용 절감 꿀팁!,2
아이폰16 프로 자급제 성지 가격 비교 및 사용 후기,2
인터넷티비 결합 요금제 비교원 가입 방법 후기,2
"애플과 삼성 가리지 않는, 아이리버 6in1 접이식 무선충전기 ISC-MG100 상세리뷰",2
에어팟4 출시일 사전예약 8일 한국 오전 10시 가격은? 구매팁 정리,2
쿠팡 에어팟 4세대 사전예약 시간 할인 혜택은?,2
아이폰 SE4 25년 출시일과 SE 4세대 디자인 스펙,2
아이폰16 플러스 화이트 할인 혜택 확인,2
갤럭시 버즈3 프로 기능 및 가격 2개월 사용 후기,2
엔텔레콤 유심 선불 요금제 간편 가입 안내,2
"맥세이프를 지원하는 초미니 스피커, 오딕트 ON 마그네틱 블루투스 스피커 상세리뷰",2
"에어팟4 출시일, 사전예약... '역대급' 오픈형 이어폰 추천 쇄도",2
올목장 맞팜 링크 만들기 올팜 맞팜에 이은 친구와 함께 우유 얻기,2
"갤럭시S24 FE 출시일 11월 1일... ""아이폰16 이길 수 있어""",2
플스 PS 포탈 정발 입수 PS5 스텔라 블레이드 리모트 플레이 후기,2
"우리의 부족한 USB-A 단자를 해결해 줄, 랜스타 LS-UH307 3.0 7포트 USB허브 상세리뷰",2
블랙박스 ADAS 카플레이까지 탑재한 모비디안 올인원모니터,2
"애플감성 그대로 담고 온 신박한 제품, 신지모루 Qi2 3in1 M윙 맥세이프거치대 상세리뷰(#내돈내산)",2
"아이폰 16 케이스 추천, 블랙베리 키보드 감성 어때? (폰케이스)",2
유튜브 프리미엄 우회 가격 결제 5분컷 끝내기,2
"DJI네오, DJI포켓3를 직접 체험할 수 있는 롯데백화점 잠실점 공식 DJI 매장!",2
'3년 만에 출시 소식!' 아이폰SE4 출시일 가격 성능 체크,2
사무실 저소음 무선 키보드 마우스 세트를 찾는다면? 삼성전자 SP-R1600B 리뷰,2
"유무선 충전이 가능한 완성형 짭플펜슬, 모할랩 터치핏 P-1 스타일러스 펜슬 상세리뷰",2
인스타그램 좋아요 구매 셀프 도약 후기,2
사무용 블루투스 키보드 로지텍 Wave Keys 인체공학으로 편안한 예쁜 무선 키보드로 추천,2
아이폰16프로 색상 데저트 티타늄 개봉기! 초기불량 체크사항 정리,2
갤럭시 워치7 울트라 '진짜' 솔직히 말하면... (삼성 스마트워치),2
스탠드조명 추천 스마트메이드 LED조명 듀얼헤드스탠드,2
"중급이상의 화이트 감성의 마이크, Fifine K688W XLR MIC 상세리뷰",2
"레트로 감성의 만능형 스피커, 크로슬리 블루투스 턴테이블 뮤지션 상세리뷰",2
인스타그램 팔로워 구매 안심하고 늘리기 후기,2
높낮이조절책상 추천 앤슬론 이동식 높이조절 모션데스크,2
"4만원이 넘지 않는 초 가성비 무선헤드폰, Fifine X3 ANC 무선헤드셋 상세리뷰",2
주파집 여행용 멀티탭과 어댑터가 하나로 AD500,2
컴퓨터 파일 복구 프로그램 리커버릿 삭제된 SD 카드 데이터 복구하는 법,2
전주선불폰 앤텔레콤 K망 개통 방법,2
레이저프린터 빠르고 경제적인 사무실 복합기 브라더 MFC-L6900DW,2
아이폰13 맥세이프 무선충전기 오주주 3in1으로 애플워치부터 에어팟까지 한번에!,2
실내건축학원 관심만 가지고도 취업까지 도전을,2
제이랩 에픽 에어 스포츠 블루투스 이어폰 ANC 노이즈캔슬링,2
"50인치 TV 포스픽 구글 한달사용기, 넷플릭스티비 찾는다면 추천",2
LG 윙 스위블 폼팩터 경험한 적 없는 새로움의 세계로,2
인텔 CPU를 탑재한 갤럭시 북 S 스펙과 기능,2
게이밍 헤드셋 게임부터 일상까지 두루두루! 하이퍼엑스 클라우드 스팅어 코어 + 7.1 무선 사용해보니!,2
무선 키보드 마우스 세트 편안한 사용감이 특징인 로지텍 MK545,2
게임의자 에이픽스 GC001 집에서도 사무실처럼 편하게,2
휴대용 샤오미 에어펌프 개봉기 주요 특징은?,2
장기렌트란 장단점 및 리스 비교,2
아이폰16 성지 호갱 조건 피하는 방법,2
갤럭시 s24 울트라 기능 여행 인플루언서라면 GOOD,2
네이버플러스 멤버십 넷플릭스가 온다! 11월 말부터 혜택 예상 가격은?,2
갤럭시S24 플러스 자급제 가격 부담스럽다면,2
유튜브 프리미엄 우회 없이 가격 3천 원 결제 이용 방법,2
아이폰SE4 홈버튼 없음 출시일 스펙 달라진점 정리,2
아이폰 사랑 MZ들... 갤럭시 A 시리즈 퀀텀5 A55 보면 바꿀 듯?,2
"애플 iOS18.0.1, iPadOS18.0.1, WatchOS11.0.1 등 업데이트 배포",2
에어팟4 사전예약 출시일 기대되는 3가지 이유,2
진짜 '싹' 바뀐다... 갤럭시 S24 OneUI 7.0 베타 업데이트 임박,2
갤럭시S25 출시일 디자인과 스펙 가격 이렇게 나온다,2
모바일 신분증 발급 방법 정부24 신청,2
아이폰16 프로 맥스 색상 실물 모든 기종 살펴보기,2
네이버 플러스 멤버십 혜택 가격 넷플릭스 이용권 추가 언제?,2
갤럭시 One UI 7 실기 영상이 공개되다 (+ 2025년 One UI 7 공개?),2
아이폰 16 프로 아이폰 15 프로 스펙 비교 구매후 알아봤어요,2
"갤럭시S25 울트라 가격 빼고 다 나왔다? 디자인,스펙,출시일까지",2
"닌텐도스위치2 출시일 사양, 호환성, 가격 최신 유출정보",2
[블챌] 포.덤.챌 시즌 2에 참여한 친구를 소개합니다! (EP.8),2
"갤럭시 통화 자동 녹음 설정 방법과 파일 위치, 공유하기 방법!",2
에어팟 4 쿠팡 사전예약 혜택 및 주요 특징 확인하기,2
애플 에어팟 4 사전예약 시작 애플 공홈 쿠팡 등 10월 16일 공식 출시,2
27인치 게이밍 모니터 추천 180Hz 고주사율 고성능 알파스캔 AOC Q27G4,2
애플 에어팟4 출시일 및 사전예약 혜택 노이즈캔슬링 모델 추천,2
유튜브 자판 오류 키보드 먹통 자음 모음 분리 해결 방법 아이폰 갤럭시,2
윈도우11 정품 인증키 저렴하게 구매하기 (Windows11 제품키 싸게 사는 법),2
아이폰 NFC 끄기 켜기 어떻게 하지,2
아이폰 16 화이트 색상 구입하러 강남 애플 스토어 방문,2
아이폰 클린업으로 배경 사람 지우기 얼굴 모자이크 하기,2
아이폰 SE4 확 변했다! 출시일 스펙 디자인 가격 정리,2
아이폰16 프로 PRO 데저트 티타늄 개봉기,2
OTT 쉐어 사이트 어롱쉐어로 넷플릭스 요금제 할인받기,2
아이패드 미니 7세대 출시일 11월 1일 확정? 예상 스펙 정리,2
카톡 생일 설정 안뜨게 카카오톡 생일 표시 비공개 및 알림 방법,2
인스타스토리 공유 하기 어떻게? 친구 스토리부터 다른 사람까지!,2
애플워치 SE3 출시일 스펙 디자인 루머 정리,2
갤럭시S10 무한부팅 갤럭시노트10 먹통 무엇이문제인가,2
"갤럭시 버즈 프로3 가격 및 디자인, 비교 ( 버즈3 프로 )",2
에어팟 4 세대 한국 출시일 및 가격 사전예약 기간 알아보기,2
네이버 멤버쉽에서도 볼 수 있는 넷플릭스 요금제 알아보기,2
iOS 18.1 아이폰 베타 업데이트 설치 방법,2
유튜브 프리미엄 우회 가격 편리한 이용 방법,2
갤럭시 S25 출시일 울트라 기대 이상의 성능 업그레이드?,2
아이폰16 화이트 프로맥스 데저트 티타늄 카메라 컨트롤 써본 내돈내산 후기,2
애플 에어팟 4세대 노이즈캔슬링 가능 한국 출시일 가격,2
에어프라이기 스텐 추천,2
나만 알기 아까운 오토캐드 꿀팁 콘테스트 개최!! 바로 참여하러 가기.,2
아이폰16 프로맥스 화이트 티타늄 개봉 후기 쿠팡 넘해,2
DJI 오즈모포켓3 나도 질렀다 최고 뒷북 기계치의 일주일 실사용 후기 판교현대백화점 구매,2
"아이폰 SE4 출시일·가격·스펙 총정리, 가성비 아이폰을 만날 시간",2
아이폰 17 에어 스펙 특징 등 다양한 루머 정리,2
"업무용 인강용 모두 케어하는 삼성 노트북 추천, 14인치 갤럭시북4 엣지 NT940XMA-K01A",2
인스타 좋아요 구매 셀프 도전 구매 후기,2
애플 정품보다 자력이 강한 아이폰16 클리어 케이스 ESR 할로락 클래식 맥세이프 케이스,2
엔텔레콤 개통 L망 신청 방법 정리,2
에어팟 4세대 사전예약 출시일 주요 특징은?,2
'솔직히' 로봇청소기 추천... 장단점으로 본 물걸레 청소기 로봇,2
무선 게이밍 헤드셋 추천 가벼운 배그 헤드셋 스틸시리즈 아크티스노바5,2
SKT 티다이렉트샵 사전예약 2차 아이폰16 배송일자 확인법,2
애플 에어팟4 4세대 사전예약 액티브 노이즈 캔슬링 차이 비교,2
갤럭시탭 S10 울트라 플러스 고민될 때 비교하기,2
"에어팟4 사전예약 혜택 및 가격 비교, 스팩 및 노캔(쿠팡, 11번가, SSG, 하이마트)",2
엘지 유플러스 고객센터 앱에서 맘대로폰교체 아이폰16보험 알아보기,2
로보락 무선청소기 플렉시 프로 하나면 컴퓨터 헬스방 청소 아주 쉽죠,2
인스타그램 팔로워 구매 셀프 선택 후기,2
인스타그램 좋아요 늘리기 셀프 성취 후기,2
갤럭시 탭 S10 플러스 추천 삼성 태블릿의 Galaxy AI로 생산성 향상 방법,2
공기계 알뜰폰 셀프 개통 방법 정리,2
휴대폰 성지 사이트 핸드폰 싸게 사는법,2
아이폰 음악햅틱 애플뮤직 설정하는 방법,2
"성능 향상과 달라진 디자인, 로지텍 G PRO X SUPERLIGHT 2 DEX 무선 게이밍 마우스",2
람주 쏜 THORN 프나틱 스페셜 에디션 4K 무선 게이밍 마우스 사용후기,2
영상 업스케일링 HitPaw Video Enhancer 간단하게 동영상 화질개선 하는법,2
유튜브 동영상 자막 번역 음성 자동 자막 넣기 텍스트 변환 방법 영상 편집 프로그램 HitPaw Edimakor,2
"스틸시리즈 아크티스 노바 5 화이트, 가벼운 게이밍 헤드셋 사플용 추천",2
타워형 멀티탭 하나면 컴퓨터 전기 코드 걱정 없는 고용량멀티탭 설치 후기,2
동영상 편집 프로그램 추천 모바비 비디오 에디터(Movavi) 사용기,2
SKT요금미납 시 선불유심 개통 순서,2
JBL GO4 미니 블루투스 스피커 사용 후기,2
쇼핑의기적 SK스토아 가을이벤트에서 득템해 볼까,2
갤럭시 노트 10 플러스 화면녹화 캡쳐보드 충전 거치대 독 GC515 후기,2
인덕션 보호매트 사용하는 이유 모제이글로벌,2
통신요금 미납 정지 휴대폰 신규개통 방법,2
다얼유 EK75RT 8K 래피드 트리거 풀 알루미늄 자석축 키보드 후기,2
인터넷티비결합상품 KT SK LG 실제 요금 비교 주말 설치비 가족할인,2
가성비 태블릿 레노버 Y700 3세대 출시일 스펙 가격 정리,2
다이소 삼성 25w 초고속 충전기 리뷰,2
15년 된 자동차에도 안드로이드오토 모비디안 DRIVE9 카플레이로  행복 운전하기,2
인스타그램 좋아요 구매 셀프 진행 후기,2
DJI 네오 NEO 드론 오즈모 액션5 프로 부띠끄 강남 런칭쇼 후기,2
SKT미납 개통 쓰던 폰 그대로 활용해서 선불 사용하자,2
KT정지폰 선불유심 개통해서 사용하는 가장 쉬운 방법,2
로지텍 지슈라2 드디어 광축 스위치로 변경된 무선 게이밍 마우스 사용후기,2
애플워치 초기화 방법 아이폰 연결 안됨 변경 재설정 페어링 해제,2
삼성 스마트폰 갤럭시S24 FE 11월 1일 한국 출시 가격 낮추고 AI는 그대로,2
유튜브 프리미엄 우회 가격 이게 답인가,2
미니 무선이어폰 필립스 TAT1209 사용 후기,2
핸드폰 온라인 개통 방법 주말도 가능해요,2
아이폰 데이터 옮기기 : 마이그레이션 방법 및 유심 교체 빼는법,2
애플 아이폰16 판매 부진? 아이폰17 기대감이 더 큰 이유,2
칼선 스티커 만들기 포토샵으로 굿즈 제작하고 프린트 하는법,2
LG 휴대폰요금미납 해결 위한 선불유심 개통 방법,2
SD카드 삭제 USB 데이터 복구 사진 파일 하드디스크 하드웨어 방법 EaseUS,2
티니핑 MBTI 테스트 결과도 알아보자핑,2
32인치 게이밍 모니터 알파스캔 콘퀘스트 32Q90G QHD 165 후기,2
MS 오피스 MS 365 월간 구독까지 전 상품 20% 할인받는 KT콘텐츠페이 10월 이벤트,2
인스타그램 팔로워 구매 늘리기 간편하게 성장한 후기,2
편의점 선불유심 종류 및 개통 방법 요약,2
에코백스 X2 프로 옴니 로봇물걸레청소기 추천,2
네쇼페 블루필 올스텐 가열식 가습기를 추천하는 이유,2
"코웨이 비렉스 마인 플러스, 마인 소형 안마의자 매장 체험 후기",2
유튜브 다양한 자막 및 끄기 반복 재생 잠금 화면 설정,2
제닉스 타이탄 G 에어 SE 타공 디자인에 교체용 쉘커버까지 포함된 무선 게이밍 마우스 사용후기,2
풀무원 스팀 유리 에어프라이어 리뷰,2
"아이폰16 Pro 프로 색상 비교.. 화이트, 데저트 티타늄 '고민'",2
레이저 데스에더 V2 X 하이퍼스피드 배터리 타임이 Pro 보다 더길어진 무선 게이밍 마우스 사용후기,2
틱톡 팔로워 늘리기 구매 셀프 늘리기 성공,2
일요일 휴대폰 개통 모바일 어플에서 쉽게,2
GS25편의점유심 선불 개통 신청 방법,2
애플 아이폰16프로 터치 불량 논란 외,2
전면 한글 디스플레이가 있는 블루투스이어폰 액센 N700 리뷰,2
다이소 선불유심 구매하여 쉽고 빠르게 개통하는 방법,2
오픈형 무선 블루투스 이어폰 추천 보스 BOSE 울트라 오픈 이어버드,2
인스타그램 좋아요 늘리기 픽슨 도움받은 후기,2
수직촬영거치대 링라이트 조명 항공샷 사용 후기,2
헤이구글 사용법 및 구글 어시스턴트 끄기,2
ezgif로 움짤 만드는 법 동영상 gif 변환,2
프롬프트 한줄로 AI 영상제작 - 하이퍼AI 소개,2
유튜브 음원추출 HitPaw Edimakor 편집기로 유튜브 영상 다운로드 후 동영상 mp4 mp3 변환 하는법,2
"""정말 최선이냐..."" 갤럭시탭S10 울트라 출시일, 가격, 미디어텍",2
키보드 거치대 타공판후크로 데스크테리어 간단하게 해결,2
서울 휴대폰 성지 시세 카페 공유함,2
갤럭시 공장초기화 방법 갤럭시탭 구글 락 FRP 해제하기,2
인스타그램 좋아요 구매 셀프 진행한 후기,2
인스타 인기게시물 혼자 성공한 후기,2
로봇청소기 추천 물걸레청소기로봇 무선 진공 겸용 나르왈,2
편의점 선불유심 개통 방법 핵심 정리,2
아이폰 무선 보조 배터리 추천 멜리언스 초강력 맥세이프 보조 배터리,2
편의점 선불 유심 구매 및 당일 바로 개통 방법,2
윈도우 바탕화면 아이콘 설정 및 정렬방법 사라짐 해결,2
"""와.. 아이폰13 이겼다!"" 갤럭시S24 울트라 판매량 순위 발표",2
"삼성 태블릿 PC 추천, 삼성 갤럭시탭 S9 플러스 Galaxy AI 사용 후기",2
갤럭시 화면캡쳐 방법 스크롤 스크린샷 길게캡쳐 어렵지 않아요,2
플레이오토 쇼핑몰 통합 관리 프로그램 온라인 셀러를 위한 최적의 솔루션,2
다이소 선불유심 비대면 신청 안내,2
패턴 디자인 만들기 포토샵 보정으로 직접 패턴 만들고 활용하기,2
"와이파이 한계를 뛰어넘은, 원캠 4G LTE 무선 CCTV 상세리뷰",2
핫스팟 무제한 요금제 쓰고 통신비 절약하기,2
프리플로우 머코우즈 정발 풀알루미늄 기계식 키보드 MCHOSE GX87 후기,2
"갤럭시워치7 내돈내산 할인 후기, 40mm 44mm 사이즈 추천",2
올인원 AI 로봇청소기 추천 Narwal Freo Z Ultra 나르왈 후기,2
아이폰 16 핑크 실물 디자인 스펙 카메라 개봉기,2
강변테크노마트 핸드폰성지 이든모바일 아이폰16 상담후기,2
마우스 스위치 교체 핫스왑이 가능한 incott G23 8K 무선마우스 리뷰,2
풀프레임 미러리스 카메라 추천 캐논 입문용 R8 사진 촬영,2
가성비 게이밍 키보드 추천 AULA F87 Pro 독거미 기계식 키보드 후기,2
아이폰16프로 데저트 티타늄 실물 아쉬운 점 3가지 (내돈내산),2
"유튜브 영상 편집 포토샵으로 워터마크 만들기, 프리미어 프로 텍스트 기반 편집으로 동영상 제작",2
아이폰 16 프로 튼튼한 케이스 추천 케이스티파이 기능성,2
선불유심 판매 가격 알고 개통 진행하기,2
네이버 맞춤법 검사기로 한글 띄어쓰기 검사까지 한 번에 해결,2
27인치 피벗모니터 삼성전자 S27B610 S61B IPS 멀티스탠드 사용 후기,2
풍부한 사운드가 일품인 SIVGA SO2 오픈형 블루투스 이어폰 리뷰,2
"최저가 가성비 FPV 드론, DJI 아바타 2 강력추천",2
유튜브 프리미엄 우회 대신 저렴하게 구독하는 법 갬스고 할인받기,2
신용불량자 핸드폰 개통 실패하지 않는 방법과 절차 안내,2
"업무용 노트북 추천, 삼성 갤럭시북 프로 NT950XEV-G51A",2
"해외직구의 합리적인 소비를 위한, 리베이츠미 캐시백 사이트 추천",2
지클릭커 레트로 레드 슈퍼히어로 SPK87 저소음 풀 윤활 무선 블루투스 기계식 키보드 리뷰,2
블라우풍트 오픈형 블루투스 LED 디스플레이 이어폰 BLP-BE363 솔직 후기,2
앱코 H150A 무타공인데 58g의 초경량 무선 마우스 사용후기,2
로지텍 G903 HERO 무게추까지 제공되는 무선 게이밍 마우스 사용후기,2
휴대용 포터블 모니터 ARZOPA Z1RC 16인치 후기,2
카카오 택배 편리한 카카오톡 방문 택배 예약하기,2
네이버 스마트보드 사용법 번역 맞춤법 단축어 사용까지 한 번에,2
오픈형이어폰 QCY T30 AIR 공기전도 귀걸이형 블루투스이어폰 후기,2
"네이버 블로그 꾸미기 포토샵 도형 도구, 생성형 채우기로 블로그 스킨 만들기",2
방송용 마이크 추천 가성비 로캣 토치 ROCCAT TORCH 사용 후기,2
KT 바로유심 으로 앤텔레콤 셀프 개통 핵심정리,2
보이차 입문자 필독! 대익차 생차 남국추운의 매력과 관리법,2
한성 블루투스 키보드 BK330 실내 사용에 딱맞는 선택,2
동영상 업스케일링 영상 화질 개선 사이트 프로그램 HitPaw Video Enhancer,2
부트캠프추천 웹개발국비로 가능한 오즈코딩스쿨,2
갤럭시 Z폴드6 슬림 SE 출시일 가격 스펙 루머,2
카메라삼각대 마이마인 핸드폰 수직 촬영 거치대 사용 리뷰,2
아이폰16 사전예약 가격 기간 사은품 분석!,2
아이폰 케이스 추천 케이스티파이 커플 범퍼,2
핸드폰 분실 위치추적 삼성 스마트띵스로 빠르게 찾기,2
로지텍 G705 오로라 컬렉션 작고 귀여운 RGB감성 한스푼 첨가한 무선 게이밍 마우스 사용후기,2
PC스피커로 좋은 칸토오디오ORA 고음질 블루투스스피커,2
AI PC 노트북 인텔® 코어™ Ultra 프로세서 레노버 Yoga Slim 7i 벤치마크,2
생성형 AI 첼로스퀘어 챗GPT 런칭 글로벌 통합 물류 서비스 사용법,2
프론트엔드 개발자 취업 원한다면 스파르타 내일배움캠프,2
휴대폰 요금 미납 선불유심 개통 방법,2
"낫싱 CMF 가성비 블루투스 무선 이어폰, 페어링 노캔 사용법도 쉽다!",2
당진선불폰 무제한 데이터 요금제 온라인 가입 방법,2
모토로라 엣지 40 네오 개통시 KT 혜택,2
VPN이란? 서프샤크(Surfshark) 게임 사용 방법! 일본 국가 변경,2
"여러대를 연결해도 속도저하 없는, 티피링크 AX5400 Archer AX72 Pro 와이파이6 공유기 상세리뷰",2
앤텔레콤 L망 개통 방법 정리,2
갤럭시80 에포메이커 × 페커 가성비 풀알루미늄 커스텀 키보드 텐키리스 사용 후기,2
청주 휴대폰 성지 차별화된 핸드폰 할인가 확인하세요.,2
"포토샵 사진 불러오기 해서 플래카드 제작, 온라인에서 플랜카드 만들기",2
인스타그램 계정추가 진행하는법 모두 알아보기,2
KT 사전예약 혜택 확인하며 준비하는 가벼운 고성능 노트북 추천 삼성 갤럭시 북2 Pro 5G,2
고성능 가벼운 노트북 삼성 갤럭시 북2 Pro 5G 사전예약 혜택 알아봐요,2
"아트리스트(Artlist), 에피데믹사운드 저작권 걱정 없는 음원 사이트 장단점 분석",2
삼성 올인원PC 윈도우11 설치 일체형 컴퓨터 DM530ADA-L38A 후기,2
"가정용 빔프로젝터 추천, FHD 프로젝터매니아 PM1080 프로",2
샤오미 발열조끼 비교 열선들어간 남자 패딩조끼 추천,2
브런치 작가를 꿈꾸는 당신에게 브런치 이야기를 합니다.  feat. 세상 쉬운 브랜딩 무료 강의,2
"🎉[EVENT] 잇땅 가상창업 전국 오픈 기념 ""도장깨기 경품 이벤트!"" (~12/14)🎉  -당첨자발표-",2
필수 살림템으로 추천! 삼성 BESPOKE 큐커 스캔쿡,2
갤럭시s21 바닥친 가격 단점 보다 장점이 많은 띵작,2
[마감되었습니다] 기간한정 전자책 무료로 드립니다. (Feat. 지금 당장 블로그하라!!!),2
착한소비가 기부로 이어지는 유플러스 U+로드 온라인장터 신선한 농수산물을 저렴하게!,2
"누끼따기사이트 remove.bg 망고보드 비교, 이미지 누끼따는 배경제거방법 사진배경없애기",2
"유플러스 맘대로 폰교체 서비스 개봉기, 파손? 변심? 언제 어디서든 원하는 기종으로 교체!",2
아이패드 파우치 세련되게 감싸주네요,2
"LG Q52 후기, 스펙과 가성비는?",2
휴대폰 사진인화 화질좋은 포토 미니프린터로,2
무선 게이밍 헤드셋 추천 로지텍 G733 블루 리뷰 + G304 G913 TKL 조합,2
집콕의 무료함을 달래줄 유플러스 모바일 부가서비스들 - 영상 편,2
가성비 노트북 LG 울트라PC 윈도우10 설치,2
핸디 스팀다리미 작고 간편하게 사용,2
중고 노트북 맥북 매입 똑소리 나게 팔기,2
내 차에도 있었으면 하는 최첨단 자동차 기능 4가지,2
로지텍 G913 TKL 리니어 텐키리스 기계식 키보드 타건 동영상,2
10세대 인텔 i5 프로세서 인강용노트북 레노버 Slim3 15IIL 5D 사용기2,2
LG 그램 노트북 17인치 사용기! 대학생 노트북 추천,2
삼성 갤럭시북 플렉스 알파 13인치 대학생 터치 노트북 추천,2
스타일리스 써큘레이터 스위스 자연바람 보국 DC 선풍기,2
갤럭시 북 S 인텔 탑재와 LTE까지! 삼성 노트북 추천,2
U+ 프로야구 앱 개편! 주요 U+ 5G 서비스 등 달라진 점은?,2
가성비 무한잉크복합기 브라더 DCP-T310 사용후기,2
자취방에도 딱! 스탠드형 스팀 다리미 추천 필립스 프로터치 스티머 (GC627/68) 살균 스팀 리뷰,2
앱코 블루투스이어폰 사용할 체험단 모집,2
"LG통돌이세탁기 vs LG트롬트윈워시 선택 & 으뜸효율가전제품 환급, 전자제품 환급받는 법 7단계",2
유튜브 mp3 음원추출 사이트를 이용하여 영상과 음악 다운로드하는 방법,2
로지텍 G913 택타일 무선 게이밍 키보드 타건 동영상 & 디자인 리뷰,2
[긴급] 앱코 무선이어폰 200인 체험단 모집,2
어린이날 로봇조립 프로보 중장비시리즈 탱크로봇 CT-1,2
집콕 문화생활 즐기는 방법 AR VR 전시 체험 추천 앱,2
앱코 EF01 블루투스이어폰 체험단 모집해요,2
무선 키보드 마우스 세트 공간활용도가 좋은 로지텍 MK470,2
"무선 키보드 로지텍 MX Keys, 써보고 느낀 장단점",2
에어팟 프로 코드리스이어폰 미친음질평가~꼼꼼후기!,2
여행 토퍼 만들기 어플 비주얼 깡패 앱,2
가성비사운드바 가슴을 울리는 100W 앤커 인피니,2
"TV 사운드바 옥터디오 뮤직시어터 가성비에 영화, 음악 감상도 만족!",2
LG V50S ThinQ 듀얼스크린 단점 해결? 유플러스 사전예약 및 혜택 꼼꼼히 알아보자!,2
아이폰16 pro 색상 할인 구매팁,2
부산컴퓨터도매상가 AMD 7500F+RTX4060Ti 게이밍 조립PC,2
"베라체인 1등 유망주 퍼프퍼 (PuffPaw), 금연을 도와주는 전자담배로 돈 벌기?",2
hesy님 matt 가을 심플 카톡테마 추천,2
흑백요리사 테스트 - MBTI로 나와 가장 비슷한 셰프는?,2
삼성전자 갤럭시 탭 S10 울트라 태블릿 PC 추천 후기,2
애플워치 SE3 출시일에 '역대급' 스마트워치 나온다?,2
챗GPT 무료 유료 차이 ChatGPT 4o 할인 방안,2
에어팟 4세대 출시일 및 사전예약 기대되는 이유,2
삼성 갤럭시S25 울트라 더미 금형 및 상세 스펙 유출,2
"삼성 갤럭시 무한 재부팅 이슈, 스마트싱스 자동 업데이트 오류? (+ SmartThing 끄는 방법)",2
아기 가열식 가습기 추천 전기 인덕션 방식 블루필 블랙크리스탈 네쇼페와 함께!,2
"갤럭시 Z폴드6 SE 스페셜 에디션, 10월 25일 출시설? (+ SKT T스토어)",2
갤럭시 A35 '역대급'이라는데... 삼성 효도폰 가성비 스마트폰?,2
갤럭시 S26 울트라 출시일 스펙 예상 재미있는 정보,2
아이폰 SE4 출시 프리뷰(출시일 디자인 가격),2
"갤럭시S25 울트라 성능 유출 디자인, 스펙 살짝 기대되네",2
"iOS18 동향, 아이폰 18 업데이트 방법",2
아이폰16 프로 색상 자급제 가격 구매 가이드,2
에어팟프로 3세대 출시일 에어팟 4세대와 비교한다면?,2
갤럭시핏 3 출시일 좋은점 아쉬운점 이런분들에게 추천드려요,2
SK브로드밴드 인터넷 재약정 vs 신규가입 사은품 많이 받는 요령,2
갤럭시 워치7 울트라 삼성 스마트워치 구매 못하는 이유 직접 사용해본 장단점 정리,2
갤럭시 S25 울트라 구매하려고 찾아본 스펙 출시일 디자 최신 루머 정리,2
갤럭시 S25 울트라 디자인은 다듬기의 반복?,2
애플워치 SE3 출시일 '이것' 때문에 가격 더 싸진다?,2
"애플, iOS 18.0.1 배포…터치 씹힘(공유 버튼)·카메라 멈춤 손봤다",2
갤럭시 S24 FE 출시일 가격 스펙 최종정리,2
아이폰16 프로 맥스와 아이폰 16 Pro 비교,2
"아이폰 12, 13, 14 배터리 교체 비용 및 시기 소요시간",2
아이폰 IOS18 제어센터 통화녹음 달라진점 정리,2
엑셀 vlookup 함수 사용 방법,2
"iOS 18.1 새로운 기능들, 배포일",2
갤럭시 폴드6 SE (슬림) 출시일 얇은데 두꺼워?,2
부산조립컴퓨터 AMD 7500F+RTX4060Ti 조합 화이트감성 PC,2
자전거블랙박스 유프로 컬러핏 프리미엄2 액션캠 브이로그 카메라,2
"애플워치 10 케이스 풀커버 실리콘, 무광 강화유리 하드, 변색없는 투명 케이스 3종 비교",2
유튜브 프리미엄 가격 할인 유튜브뮤직 덤으로! 네픽스버스 NFXBUS 넷플릭스 요금제는 음...,2
러닝템 사운드본 SE01 스포츠 골전도 블루투스 이어폰 추천,2
"아이폰16 가격, 일반 모델 자급제 및 성지 차이",2
에어팟4 사전예약 구매 후회 없는 이유(프로2비교),2
KT인터넷가입현금사은품 많이주는곳 설치경험,2
말도 많고 탈도 많은 아이폰16 프로맥스 내추럴 티타늄 간단 개봉기,2
아이폰 16 프로 비교 갤럭시 S24 울트라보다 괜찮을까?(카메라 스펙 크기),2
"삼성전자 갤럭시 탭 S10 울트라, 더 똑똑해진 AI 태블릿 PC",2
"watchOS 11 애플워치 업데이트 뭐가 바낀거지?, watchOS 11.01 애플워치 소프트웨어 업데이트 방법",2
갤럭시 카메라 무음 설정 셔터음 끄기 너무 간단한데?,2
전자파없는 전기매트 카카오 춘식이 카본매트 전기요 후기,2
아이폰 해킹 확인 방법 몇가지 알려드릴게요,2
애플워치 페어링 방법 애플워치10 제트블랙 46mm 수영 기능,2
애플 에어팟 4세대 출시일 및 사전예약 가격 스펙 총정리,2
SK KT LG 유플러스 기가 와이파이 버디 증폭기 공유기 설정 wifi6 6e 속도 확인 방법,2
카톡 메세지 차단 확인 방법 카카오톡 차단 당하면 체크 핵심 1가지,2
아이폰 16 프로 애플 정품 클리어 케이스 후기 카메라 컨트롤 버튼,2
아이폰16 프로맥스 데저트 티타늄 256GB 겟~!,2
"인력관리 근태관리 솔루션 시프티, 인력 근태 관리 인사업무 향상!",2
sk 인터넷 설치 후기 요금제 세밀하게,2
아이폰 VPN 설정 모바일에서 ExpressVPN 우회로 일본 넷플릭스 즐기기,2
귀뚜라미 카본매트 퀸 세탁까지 가능한 KDM-922,2
아이폰 예약문자 보내는법 : 2가지 전송 방법,2
"갤럭시 안드로이드, 새로운 아이폰 iOS으로 데이터 이동",2
카카오톡 대화내용 백업 : 휴대폰 카톡 복원하는 방법까지,2
삼성 갤럭시 s24 일반 프로 플러스 시리즈 비교 추천(가격 스펙 사이즈),2
새폰 아이폰끼리 데이터 자료 옮기기 3분 요약본(백업),2
사무용 대학생 LG 그램 노트북 추천 17인치 성능 비교 분석,2
"배달음식을 자주 시켜먹는 분들에게 필수적인, 배달의민족 배민클럽 가입, 해지, 혜택 총 정리",2
휴대폰 성지 시세표 핸드폰 가격 비교 구매 팁,2
인터넷 통신사 변경 혜택 이것만 알아도 실패없이 가입,2
띄부띄부 숙련자 1위 멘토 진짜가 알려주는 원고검수 부업,2
유튜브 조회수 늘리기 셀프 성공법,2
틱톡 팔로워 구매 늘리기 셀프 증가 후기,2
모두의 유심 원칩 개통 진행 절차 NEW,2
LG 29인치 와이드모니터 29WQ500 듀얼모니터로 딱이네!,2
함안선불폰 신용불량자도 내 명의 개통,2
강남선불폰 핸드폰 정지 중 내 명의 개통 방법,2
평택동선불폰 중고폰 개통법 알아봐요,2
포토샵학원 배운대로 펜툴연습하기,2
"차량용맥세이프거치대 추천, 주파집 CWC06 맥세이프차량용거치대",2
미생물 음식물처리기 추천 ! 이롭 더 그레블 제품 리뷰,2
"모바일 무료 VPN 추천, 안전한 아이폰 Express VPN 어플 사용법",2
삼성 갤럭시25 스펙 출시일 디자인 및 변화되는 점,2
240Hz 고주사율모니터 프리플로우 Vuti24F24PQ 게이밍 모니터로 사용해보기,2
된다! 블로그 10분 작성법 책 출간 이벤트,2
아이패드 배터리 성능 확인 앱 설치 없이 효율 사이클 보기 간단해,2
애플워치SE2 2세대 '구시대 적 유물 아냐' 충분히 메리트 있는 모델,2
갤럭시 화면분할 설정과 멀티윈도우로 멀티태스킹 하는 방법,2
갤럭시탭 S10 울트라 스펙 가격 디자인 비교하기,2
네이버 플러스 멤버십 혜택 가격 넷플릭스 이용권 가치가 있을까?,2
iOS18 아이폰 앱 잠금 가리기 숨기기 설정 방법 feat 사진,2
모션데스크 가성비 좋은 에이픽스  컴퓨터 스탠딩 책상 구매후기,2
180Hz 게이밍모니터 알파스캔 AOC Q27G4 고성능모니터 사용후기,2
"삼성전자 갤럭시 탭 S10 울트라 5G, 더 똑똑해진 Galaxy AI 탑재된 대화면 태블릿PC 후기",2
아식스 러닝화 젤 님버스 26 장점과 사이즈 고르는 방법,2
인스타 사진 20장 안됨 왜 내 것만 안될까? 인스타그램 게시물 사진 개수 업로드 대처는 이렇게 해보자,2
"호주 ETA 비자 발급 방법 및 소요 시간, 비용",2
[데이터 분석] 메타코드 강의 후기_데이터 전처리(1),2
스토브 해킹 메일 로그인 제한 ?!! STOVE  탈퇴 방법 및 2차 보안 설정 방법,2
에디르 복합식가습기 UV살균 가습기누수 예방법과 해결법,2
초음파 가습기 에어메이드 아기,2
흑백요리사 요약 명대사 유행어 명장면 모음 (1~4화),2
PC VPN 추천 무료체험 가능한 ExpressVPN,2
전자파 걱정 없는 대성 카본 토퍼 탄소매트 안전하고 따뜻하게,2
아이폰16 프로 맥스 데저트 티타늄 실물 후기,2
루티 온도관제 솔루션으로 실시간 온도 및 위치관제 강화,2
"애플 아이폰16, 아이폰16 프로 사전 예약 구매 혜택",2
wix 홈페이지 제작 코딩없이 윅스에서 쉽게하자,2
온라인 전입신고 간단합니다!,2
아이폰16 프로 맥스 보호필름 카메라 액정 강화유리 부착과 아이폰 사생활 보호필름 비교,2
스마트 조명 컴퓨터 모니터 스카이 디모 스트립라이트 실패와 성공 그 어딘가,2
아이폰 피싱아이즈 앱 설치하고 보이스피싱 예방해요!,2
펄사 X2V2 초경량 55g 무게의 가벼운 무선 게이밍 마우스 사용후기,2
"VIA, QMK 커스텀 키보드, 가츠 스텔라100 풀 알루미늄 키보드 사용기",2
AI 음성 합성 텍스트 음성변환 앱 아이마이폰 복스박스 iMyFone VoxBox,2
아이폰16 사생활 액정 보호 필름 및 카메라 렌즈 보호 강화유리까지 힐링쉴드로 완벽 방어.,2
선불유심 간편 인증서로 셀프 개통하면 편해요,2
인스타 비공개 계정 설정 방법 및 변경 사항 비공개 어떻게 보일까,2
사진 고화질 변환 이미지 해상도 높이기 4DDiG File Repair 활용하기,2
인스타그램 팔로워 구매 늘리기 사용한 후기,2
에포메이커 RT100 미니 디스플레이가 탑재된 레트로 무선 기계식 키보드 리뷰,2
편의점 선불유심 당일 개통 방법 정리,2
슬림해진 애플워치 10 티타늄 간단 후기 및 스펙 소개,2
쿠팡 와우회원 해지 5분 만에 끝내는 초간단 방법 공개,2
웹사이트 보안 Certificate Manager 네이버 클라우드 추천,2
벤큐 조위 마우스 FK2-C 배틀그라운드 이벤트 당첨 후기,2
선불요금제 알뜰한 종류 확인으로 개통 비용 절약하자,2
lg 유플러스 인터넷 연결 설치비 줄이는 법(KT SK SKT 엘지 모뎀 와이파이 셋톱 셋탑박스 가격 비교),2
편의점 유심 가격 개통 절차 정리,2
게임패드 컨트롤러 아리스노보 GAMESIR G8 PLUS 닌텐도스위치 아이패드 미니까지 다양한 활용도,2
아이폰16 통화녹음 최대 할인받고 구매하는 꿀팁,2
인천 휴대폰 성지 시세표 최저가 찾는 법!,2
구로 휴대폰 성지 핸드폰 저렴한 곳 찾기,2
다운로드 필요없는 '포토샵 온라인'으로 설치없이 전단지 제작 인쇄 하는법,2
갤럭시 s24 fe 국내출시일 사전예약 자급제 가격 스펙정보,2
블덱스 지수 믿을만할까?,2
LG SK KT 인터넷현금많이주는곳 비교 절차,2
LG 유플러스 선불유심 종류 및 온라인 개통 절차,2
KT 인터넷 티비 요금제 기가지니2 3 A 셋톱박스 연결 가격 비교 방법 SKT 엘지유플러스 채널 편성표 화질,2
전자책 북커버 만들기 feat. 포토샵 온라인,2
에이투 붐5 캠핑용 블루투스 스피커 가성비 추천이유,2
AMD AM5 라이젠 메인보드 추천 애즈락 B650M PG Riptide WiFi 화이트 대원씨티에스,2
애즈락 게이밍 그래픽카드 추천 라데온 RX7800XT 스틸레전드 OC D6 16GB 대원씨티에스,2
자전거 타이어 공기압 충전 가능한 늘바론 휴대용 무선 에어펌프 후기,2
"갤럭시탭 S10울트라, 플러스 뭐가 좋아졌을까?",2
마곡 핸드폰 성지 시세 비교하는 방법,2
신불자 핸드폰 개통은 앤텔레콤으로 해결하자,2
블로그 사진 강의 2기 진행(세수하면이병헌 재능기부),2
엑셀 인쇄영역 페이지 설정 출력 방법,2
독거미 키보드 AULA F99 정발 오테뮤피치축 저소음키보드,2
"인스타 사진 20장 업로드 방법, 왜 나만 안됨? 해결법",2
갤럭시 s24 플러스 공시지원금 추가 보조금,2
해외여행 필수품 NordVPN 73% 할인받고 빠르고 안전한 여행,2
갤럭시 Z플립6 256 가격 색상 후기,2
삼성스마트스위치 갤럭시 데이터 옮기기 카톡 대화내용 백업 및 복원 삼성폰,2
아이폰 16 터치 문제 수정 iOS 18.0.1 업데이트 총정리,2
"KB리브모바일 유심 셀프 개통 방법, 최대 46만 원 혜택 아이폰 16 이벤트",2
신도림 휴대폰 성지 핸드폰 할인 많이 받는 법,2
분당 휴대폰 성지 핸드폰 이중혜택 챙기는 방법,2
전단지 만들기 어도비 포토샵 무료 설치하고 팜플렛 리플렛 쉽게 만드는 방법,2
광양 휴대폰 성지 핸드폰 시세표 비교하기,2
강북구 휴대폰 성지 시세표 핸드폰 싸게 사는 팁 공개,2
SK미납 시 본인명의로 핸드폰 개통하는 방법,2
네이버 플러스 멤버십 가격 넷플릭스 무료 시청 언제부터?,2
사람북닷컴 대표 박제인 퍼스널브랜딩 전문가로 29살에 다시 시작한 인생! 원더휴먼 다큐멘터리 인터뷰 방송 출연!,2
사무실에는 저소음키보드 예쁜 DF98  다크플래쉬 가스켓키보드,2
갤럭시핏3 기능 및 주요 스펙 살펴보기,2
에어팟 프로2 리셋 초기화 하는 방법,2
"무선 아이폰 맥세이프 보조배터리 추천, 고속충전 가능한 아이워크",2
아크릴 키보드 커버 덮개 갤럭시 팩토리 기계식 키보드 루프로 먼지 걱정 보호 끝,2
디지털액자 동영상 재생 사진 메모가능 10.1인치 스마트 전자앨범,2
유튜브 프리미엄 우회 방법 가격 아르헨티나 터키 우크라이나 인도 알아보기,2
"모자와 런플러스, 골전도이어폰 추천 블루투스 무선 (수영 런닝 라이딩)",2
무료 아기 이름 작명 도우미 어플 넴유베 사용 후기,2
SSO 뜻 활용방법 알아보기,2
"24인치 고주사율 프리플로우 QHD 게이밍모니터(240Hz, FastIPS)",2
CU 편의점 선불유심 구매 혼자서 셀프개통 접수 방법,2
에어팟 프로 이름 추천 및 변경하는 방법,2
아이리버 EM3 예쁜 민트색상에 항균처리된 무선 버티컬 마우스 사용후기,2
웅진코웨이 얼음정수기 최대혜택 똑똑하게 진행하는 꿀팁,2
갤럭시 공장초기화 초간단 방법 스마트폰 리셋하기,2
"비싼 뷰티디바이스 홈케어 리프팅, 한달애 구독서비스로 해결!",2
신세계상품권 쓱머니(SSG페이) 현금화 전환 방법 쉬워요,2
앤텔레콤 셀프 개통 태블릿 번호 2803163 접수,2
아이폰 맥세이프 보조배터리 10000 추천 고속 무선 충전,2
힙한 핸드폰 케이스 추천 아이폰 젤리케이스 GRAGG 웹레이어,2
"아이폰 초기화 방법, 아이폰 공장 초기화 하는법 어떻게?",2
기내반입 할 수 있는 이메이션 카메라형 20W 고속충전 보조배터리 리뷰,2
발열조끼 스위스밀리터리 HIVE-500 바이크 방한용품으로 추천,2
알파스캔 27인치 게이밍 모니터 AOC Q27G4 무결점 리뷰,2
청주컴퓨터 리안리 O11D + Hydroshift LCD 빌드 고성능 화이트 튜닝 PC,2
휴대성 극강에 선명한 사운드가 인상적인 트론스마트 Mirtune H1 가성비 포터블 스피커 사용기,2
PC VPN과 한국 전용 IP로 안전하게 인터넷을 사용하는 법,2
캔바 프로를 저렴하게 이용하는 방법 할인코드 제공,2
갤럭시 스크롤 캡처하는 방법 스크린샷 종류,2
아이폰 컴퓨터 VPN 무료체험 가능한 노드VPN 사용법(NordVPN),2
가정용 소형 미니 빔프로젝터 넷플릭스 유튜브 풀HD 화질 PJM11A 추천,2
USB허브 3.0 7포트의 멀티가 가능한 LS-UH307 사용기,2
애플페이 사용법 및 체크카드 쉽게 추가 등록하는 2가지 방법,2
아이폰16 벨킨 3in1 무선충전기 디즈니 맥세이프 보조배터리 팝업스토어 후기,2
선불유심 무제한 요금제 효율적으로 사용하는 방법,2
재약정 대신 선택한 LG 신규가입 인터넷성지,2
"윈도우 11 프로 정품키 할인 구매, 홈 프로 차이, 윈도우 정품 인증 방법",2
삼성 갤럭시탭 S10 스펙 특장점 구매혜택 출고가 탭 S9 전작 비교,2
"인천, 부평, 부천 지역 가게 인터넷 가입",2
프린터 안될 때 HP 프린터 드라이버 다운로드,2
유튜브 영상 다운로드 음원 추출 HitPaw Edimakor로 MP4 MP3 변환까지 하는법 간단!,2
"울트라손 시그니처 퓨전, 마스터 MKII - 밀폐형 헤드폰 찾기가 왜 이렇게 어려워라고 생각했는데 정답이 나옴",2
"아이피타임 UP451, UP452 PD C타입 고속충전기 다양하게 활용해",2
아이폰15와 아이폰16 고민중? 아이폰15 자급제 할인 개봉기 추천,2
"아이폰 16 15 14 PRO 프로 디자인 카메라 AI 비교, 나에게 맞는 iphone 고르기",2
맥북프로 16인치 2019 macOS Sequoia 맥북 업데이트 후 무선 아이폰 미러링 방법,2
LG선불유심 비대면 개통 5분 만에 만들기,2
레노버 샤오신패드 프로 12.7 2세대 케이스 구매 후기,2
아주 크고 넓은 데스크매트 해닮 데코리오 장패드 리뷰,2
유플러스 선불유심 셀프개통 방법 정리,2
아이리버 EQwear LT1 세미 버티컬 손작은 사용자를 위한 사무용 무선 마우스,2
무선 안드로이드오토 연결 넷플릭스 유튜브보기 미러링 메이튼오토프로X만 있다면 가능!,2
광주 북구 휴대폰 성지 통큰통신 아이폰16 블랙티타늄 개통 후기,2
에디르 대용량가습기 후기 저온 가열 복합식 깨끗하고 따뜻하게!,2
무선 키보드 마우스 세트 로지텍 MK540 사무용 추천 제품,2
신도림 테크노마트 핸드폰 아이폰16사전예약 가능한 제이엠모바일,2
아이폰사생활보호필름 탈부착 가능한 지니비 아이폰16프로 후기,2
삼성 노트북 갤럭시북 프로 NT950XGQ-A51A 업무용으로 적합한 15인치 가벼운 슬림 노트북 추천,2
"챗지피티 유료 무료 차이, Chat GPT 4.0 가격 할인 꿀팁!",2
애플 티비 장단점 이걸로 뭐 할 수 있지? 일상에서 애플 tv비200% 활용하는 방법,2
알뜰폰 요금제 kt M모바일 M쇼핑할인 혜택을 받아보자,2
에어캡 설계의 완벽한 쉴드. 아이폰16 듀플M에어 케이스,2
"마타 스튜디오 마이크 3종 추천 C300 다이나믹, C10 콘덴서, 와이어리스 1 무선 핀 마이크 사용기.",2
SCP 뜻 사용방법 및 장단점 알아보기,2
"소니 A7M4 풀프레임 미러리스 카메라 2년 사용 후기, 추천? 비추천?",2
닌텐도 스위치 2인용 게임 마리오 카트 8 디럭스,2
아이패드 에어 6세대 iPad Air 6 13인치 태블릿 추천,2
43인치 TV 스탠드 이동식 삼탠바이미 중소기업 구글 스마트 티비 네쇼페,2
짭플펜슬 무선충전 아이패드 사용방법,2
선불유심 판매 가격 및 개통 방법 정리,2
린클 음식물처리기 추천 미생물 후기 네이버 쇼핑 페스타,2
"유튜브 영상 촬영 팁 프레임 레이트 24,30,60,120FPS 선택은?",2
아이폰 무선 고속 충전 보조배터리 & 맥세이프 Qi2 무선 충전 스탠드 & 강화유리필름 추천,2
스마트팩토리 뜻 특징 및 장단점 알아보기,2
AI 영상 제작 텍스트 음성변환 영상편집프로그램 HitPaw Edimakor 시간절약,2
4K 모니터 추천 가성비 좋은 MSI 27인치 후기,2
포토샵 물결효과 주는 방법 ( 그리기 / 이미지에 물결 효과 넣기 ),2
풀프레임 미러리스 카메라 추천 니콘 Z9 4K카메라 써보니,2
가성비무선이어폰 아이리버 이어폰 ITW-S1 사용 후기,2
아이폰 인터넷 느림 모바일 네트워크 초기화로 해결,2
겜스고 환불 후기 GamsGo 사기 인가?,2
24 네이버 쇼핑페스타 전자파 없는 쿠쿠 DC카본 전기 온열매트 퀸,2
"DJI 네오 및 오즈모 액션5 프로, DJI부띠끄강남 런칭쇼에서 만나다!",2
조립식 게이밍 컴퓨터 견적 사이트 추천 아싸컴 조립PC 가격,2
아이폰 16 카메라 보호필름 강화유리 렌즈 보호 힐링쉴드,2
2025 토레스 모의견적 절약 꿀팁,2
아이폰 무료 모바일 팩스 어플로 보내기 하는 방법,2
여행 사진 앨범 만들기 및 풍경 사진 보정 ft. 포토샵,2
부산 휴대폰 성지 시세표 핸드폰 할인 잘 받는 법,2
인스타 릴스 썸네일 만들기 포토샵 누끼 따기 활용하여 인스타 꾸미기,2
윈도우 11 정품키 싸게 사는 법 및 window 11 정품 인증 방법,2
핸드폰 사진 옮기기 대용량 파일전송 샌드애니웨어,2
가성비블루투스이어폰 화이트 색상 아이리버 ITW-S1,2
신용불량자 핸드폰 개통 본인 명의 휴대폰 이용하기,2
카카오페이 만보기 걸음 수를 늘리고 보상도 받자!!,2
KT 인터넷 티비 가입 혜택 IPTV 케이티 지니tv 요금제 화질 채널 wifi 다운로드 속도 측정 확인 방법,2
"신촌아이폰수리 센터, 액정 교체 빠르게 가능한 곳",2
인스타그램 좋아요 늘리기 셀프 해결 후기,2
인터넷가입현금지원 세밀한 비교,2
울트라2 호환 애플워치 10 스트랩 추천 메탈 시계줄과 실리콘 마그네틱 밴드 교체 후기,2
JPG PDF 변환 무료 사이트에서 PDF 편집까지!,2
"디아4 증오의 그릇, 공식 출시 시간과 확장팩 새로운 콘텐츠",2
"리커버릿 복구 프로그램으로 휴지통, SD카드 데이터도 가능.",2
갤럭시 z폴드6 첫인상 후기 삼성 제트폴드6,2
"코웨이 비렉스 소형 안마의자 마인 플러스, 마인 매장 체험 후기",2
스텐가열식 가습기 추천 세척편한 퓨어숨 25년형 후기,2
LG선불유심 앤텔레콤 요금제 개통 방법 총정리,2
"퀘스타일 CMA 18P, 이어폰을 위한 넉넉한 힘과 깨끗한 신호",2
컴퓨터 메인보드 CPU 하드웨어 그래픽카드 온도 체크,2
크롬 엣지 웨일 기본 브라우저 설정 및 기본 앱 설정,2
카카오톡 로그아웃 하는법 PC 카톡 모바일 전부 가능?,2
KT 핸드폰 요금 미납 정지 유심 개통 방법,2
아이폰 모든 설정 재설정하는 방법,2
DJI NEO 네오 드론 카메라 유튜브 브이로그 초소형드론 내돈내산 후기,2
"넷플릭스 신작 전,란과 지옥 시즌2 기대! 요금제 할인 방법은? KT 콘텐츠페이로 해결",2
서울디자인 2024 AI와 미래를 상상하는 DDP 가을 디자인 페스티벌,2
갤럭시 구글 플레이 스토어 자녀보호기능 설정 및 해지 방법,2
갤럭시S24FE 출시일 10월 3일 글로벌 판매 확정 자급제 가격은?,2
무료 VPN 추천? 유료 쓰는 이유 노드 VPN 후기,2
보국 바디드라이기 BKL-4113D 완벽한 바디건조의 새로운 기준,2
롯데하이마트에서 다양한 Copilot+ PC 서피스 랩탑 서피스 프로 체험 후기,2
삼성 갤럭시 A35 가성비 보급형 스마트폰 추천 이유,2
갤럭시 고속충전기 아이피타임 ipTIMEUP451 c타입 추천,2
아이폰 공장 초기화 리셋하는 방법,2
네이버 다크모드 설정 해제 : PC 및 모바일 방법은,2
아이폰 공기계 선불유심 간단 명료 개통 안내,2
세컨폰 개통 비대면 선불 당일 사용 총정리,2
에디르 오방난로 사용 꿀팁! 포근하고 예쁜 가정용 전기히터,2
맥세이프 마그네틱 블루투스 스피커 추천 오딕트 온 ODDICT ON 스테레오 연결까지 매력 있네,2
"아이폰16 프로맥스 스펙, 가격, 데저트 티타늄 색상 실물 어때?",2
"LG 트롬 오브제컬렉션 워시콤보 미니워시 구매가이드 3,6,5 세가지를 기억하세요!",2
플레이스테이션 PS 리모트 모바일 컨트롤러 추천 원신도 편하게,2
PC 데스크탑 무선 인터넷 와이파이 연결 노트북 컴퓨터 유선 공유기 설치(KT SK SKT LG wifi IPTIME),2
"SD 카드 복구 방법 비용, 메모리카드 포맷 카메라 사진 복구 후기",2
"게임 녹화, 컴퓨터 화면 동영상 녹화 프로그램 모바비 (Movavi) 스크린 레코더",2
쇼핑몰 통합 관리 솔루션 꼭 필요할까?,2
블루투스 접이식 키보드 추천 터치패드까지 가능한 크로셀,2
아이노트 PB100W 보조배터리 10000mAh : 듀얼동시 고속충전 가능한 카드사이즈 초소형배터리 후기 ft. 국내여행준비물,2
생성형 ai 이용한 5분 완성 블로그 포스팅,2
"에어팟 프로 2 펌웨어 업데이트 소식, iOS18 차량 멀미 방지 기능, 디스플레이 홈팟 출시 소식",2
업무용 핸드폰 유심 개통 깔끔하게 무약정으로 가자,2
초등학생 필수앱 엑스키퍼 위치추적앱 활용으로 체험학습 걱정 뚝!,2
"아이폰 공장 초기화 방법 ""3분 컷""",2
듀얼모니터암 카멜마운트 화이트 데스크테리어 딱 좋은 32인치 화이트모니터암 추천,2
"MX621 빔프로젝트, 가성비 좋은 가정용 빔프로젝터 추천",2
2024 CPU 성능순위 9월 AMD 인텔 등급별 정리 (+노트북),2
업무 효율성 높이는 쿠슝 무선마우스패드 후기,2
"갤럭시링 기능 가격 및 장단점, 2개월 사용 후기",2
갤럭시 앨범 잠금 앨범 숨기기 숨겨진 기능,2
"에어젠24 귀가 편한 골전도이어폰추천, 프리미엄 사운드를 느껴보세요.",2
"애플 아이폰 ios 18 업데이트, 기능, 지원기기 지금 바로 확인 해볼까?",2
"MX621 빔프로젝트, 가성비 좋은 가정용 빔프로젝터 추천",2
2024 CPU 성능순위 9월 AMD 인텔 등급별 정리 (+노트북),2
업무 효율성 높이는 쿠슝 무선마우스패드 후기,2
"갤럭시링 기능 가격 및 장단점, 2개월 사용 후기",2
갤럭시 앨범 잠금 앨범 숨기기 숨겨진 기능,2
"에어젠24 귀가 편한 골전도이어폰추천, 프리미엄 사운드를 느껴보세요.",2
"애플 아이폰 ios 18 업데이트, 기능, 지원기기 지금 바로 확인 해볼까?",2
애플워치10 스트랩 울트라2 이쁜 가죽 줄질 46mm 후기,2
끝판 화질 뷰소닉 X1000-4K+ 초단초점 가정용 빔프로젝터 설치 및 추천 사용법.,2
아이폰 사진 삭제 전체삭제로 용량 늘리기 5G 인터넷 속도 측정까지 CleanMyPhone 앱 후기,2
듀얼모니터암 카멜마운트 화이트 데스크테리어 딱 좋은 32인치 화이트모니터암 추천,2
"MX621 빔프로젝트, 가성비 좋은 가정용 빔프로젝터 추천",2
2024 CPU 성능순위 9월 AMD 인텔 등급별 정리 (+노트북),2
업무 효율성 높이는 쿠슝 무선마우스패드 후기,2
"갤럭시링 기능 가격 및 장단점, 2개월 사용 후기",2
갤럭시 앨범 잠금 앨범 숨기기 숨겨진 기능,2
"에어젠24 귀가 편한 골전도이어폰추천, 프리미엄 사운드를 느껴보세요.",2
"애플 아이폰 ios 18 업데이트, 기능, 지원기기 지금 바로 확인 해볼까?",2
애플워치10 스트랩 울트라2 이쁜 가죽 줄질 46mm 후기,2
끝판 화질 뷰소닉 X1000-4K+ 초단초점 가정용 빔프로젝터 설치 및 추천 사용법.,2
아이폰 사진 삭제 전체삭제로 용량 늘리기 5G 인터넷 속도 측정까지 CleanMyPhone 앱 후기,2
갤럭시 사진 자르기 기능으로 이쁜 추억 남기기,2
로보락 물걸레 로봇청소기 장단점 추천 청소 후기,2
"해피해킹 키보드 저소음 하이브리드 스노우, 무접점의 궁극적인 선택",2
에디르 복합식가습기 개봉기 누수 예방법도 간단해,2
"사무용 프린터, 팩스 지원하는 캐논 무한잉크 복합기 GX2090 추천 기능 사용기.",2
나르왈 Freo Z Ultra 올인원 로봇청소기 청소 장단점 확인해보니,2
인스타 좋아요 구매 도전 셀프 작성 기록,2
안드로이드오토 카플레이 3분할 모비디안 DRIVE9 ADAS 기능까지,2
"DJI 오즈모 액션5 프로, 네오 NEO 런칭쇼 at DJI 부띠끄 강남",2
알뜰폰 선불 요금제 정보 및 간편 유심 개통 방법,2
윈도우 11 홈 프로 2만 원대로 저렴하게 정품 인증받는 방법,2
VPN 사용법 및 모바일 VPN 추천,2
스마트오더 QR로 편하게 주문하는 이야오더,2
오픈형 블루투스 이어폰 마타 스튜디오 에어젠24 흔들림 없는 운동용 추천,2
갤럭시 s24 울트라 사양 시세 가격 할인 법 체크,2
GS25 선불유심 셀프 개통 쉽다,2
쿼리 뜻 특징 및 활용 방법 알아보기,2
KT LG 알뜰폰 개통 방법 및 접수 시간 확인,2
원칩 유심 편의점 구매 가이드 및 선불 개통 누구나 쉽게 따라하는 방법,2
교원웰스 아이스원 미네랄 정수기렌탈 3달 실 사용기 추천.,2
갤럭시핏3 사용할까? '여기' 해당 안 되면... (삼성 스마트밴드),2
"Chat GPT와 미드저니(Midjourney)를 활용한 AI 디자인, 책 한 권으로 마스터하기",2
엔텔레콤 유심 요금제 개통 방법 정리,2
갤럭시 S24 FE  출시 예정 스펙 디자인 가격 알아보기,2
QHD 게이밍 모니터 추천 나노 IPS 패널의 필립스 에브니아 27M1N5500ZR 27인치 모니터,2
"시디즈 GX, 편안함과 다양한 기능을 가진 게이밍 의자 추천",2
골전도이어폰으로 편안한 숙면을 부모님 선물 추천 모비프렌 힐링핏,2
USB4.0 썬더볼트4 NVMe M.2 SSD 인클로저 추천 40Gbps의 엄청난 속도!,2
애플 아이패드 10세대 단점 출시일 이래도 구매할거야?,2
갤럭시 NFC 뜻 사용방법 알아보기,2
전자파 걱정 없는 전기요 추천 보이러 전기매트,2
아이폰16 출시일 및 알뜰폰 eSIM으로 사용해보자!,2
알뜰폰 셀프개통 시간 및 선불 유심 활용법,2
의왕 하드 인식불가 데이터 복원(안양),2
포토샵 타임라인 으로 움직이는 사진 제작하기,2
usb 삭제된 데이터 찾는 방법,2
쿠쿠 핸디형 무선청소기 파워클론 미니 원룸청소기 추천,2
LG 퓨리케어 하이드로타워 : 프리미미엄 공기 청정 가습기를 만나보세요!,2
FHD 고화질의 가정용 빔프로젝터 프로젝터매니아 PJM11A 사용후기,2
15인치 가성비 대학생 노트북 추천 레노버 씽크패드 최저가로 구입하는 방법.(할인코드 SARAGO82 제공),2
"애플워치10 기능, 가격 보고... 제트블랙 내돈내산 결심했네요!",2
나홀로 일본 여행 DAY-2 덕후들의 나라 아키하바라 밞아보다,2
선불유심 비대면 개통 과정 상세한 설명,2
315g 무게 저소음 클래파 헤어 드라이기 추천 사용 후기,2
인체공학 블루투스 키보드 로지텍 Wave Keys 사용 후기 ft. 로지텍 LIFT 마우스,2
로캣 퓨어 에어 가볍고 반투명 쉘이 돋보이는 무선 게이밍 마우스 사용후기,2
엑셀 UNIQUE 함수 적용해서 중복값 제거 해보자!,2
엑셀 셀 색깔 일정 간격으로 적용하는 방법,2
피피티 사이트의 무료 PPT 템플릿 디자인 참고해서 깔끔한 파워포인트 템플릿 만들기,2
가정용 무한잉크 프린터 캐논 G4990 드라이버 와이파이 설치방법,2
컴퓨터 화면 녹화 프로그램 반디캠 윈도우 동영상 만들기,2
구글캘린더 공유 및 삭제하는 방법,2
갤럭시 터치 민감도 지문 인식 오류 해결 방법,2
맥북 프로 m3 16인치 디자인 스펙 및 성능 배터리,2
마이아 분리형 두유제조기 병아리콩 두유만들기 마이쿠커 주방가전,2
유튜브프리미엄 할인 넷플릭스 최대 42% 할인! 유독 더블스트리밍연간권,2
워크스테이션 컴퓨터 IMARIS 세팅 - HP Z8 Fury G5,2
맥북에어 m3 15인치 스페이스그레이 리뷰 및 스팩 알아보기,2
아이폰16 프로 색상 스펙 블랙 더욱더 가볍고 튼튼한 디자인,2
가성비 블루투스이어폰 세미 오픈형 노이즈캔슬링 QCY HT10 AilyBuds Pro,2
편의점 유심 가격 및 개통 진행 과정,2
티빙 해외시청 안될 때 모바일 VPN 우회 방법,2
아이폰 11PRO 배터리 교체 후 새제품인지 상세정보 확인하는 방법,2
넷플릭스 VPN 없이 못 떠난다. 익스프레스VPN으로 해외에서도 즐기자!!,2
홈페이지제작 업체 바로웹에서 견적 비용 알아봤어요.,2
캐논 R30 북스캐너로 e북 전자책 만들기,2
헬로모바일 유심 편의점 개통 절차,2
로봇청소기 추천 나르왈 프레오 Z 울트라 자동 먼지 비움 엄청 편해~,2
스마트폰 성지 가서 공짜로 개통하기,2
유튜브 프리미엄 싸게 보는법 꿀팁,2
공기계 셀프개통 방법 간편 정리,2
사용자 인터페이스 뜻 특징 및 장단점 알아보기,2
블루투스스피커 추천 휴대용 아웃도어 필립스TAS1209,2
애플워치 시리즈 10 46mm 슬레이트 티타늄 언박싱 워치 10세대,2
글로리어스 모델 O 타공 디자인에 RGB가 돋보이는 게이밍 무선 마우스 사용후기,2
"스마트 플러그 이글루 IoT 10개의 전자기기 제어하기, 2년 사용 솔직 후기",2
"안드로이드오토 카플레이, 모비디안 DRIVE9 스마트모니터 하나로 OK",2
플랫폼 뜻 특징 및 장단점 알아보기,2
무선 게이밍 마우스 로지텍G PRO X SUPERLIGHT 2 DEX (지슈라2 덱스) 개봉기,2
아이폰 16 프로 케이스 강화유리필름까지 엘라고에서 완벽 준비!,2
선불유심 판매 가격 및 개통 절차 정리,2
침수된 컴퓨터 데이터복구 가능,2
앤텔레콤 온라인 개통 쉬운 진행 방법 공유,2
1부 ETH 소각절차 소멸안내 예정 문자 상담 과정 대화내역 모두 공개합니다 (DUAL 글로벌거래소),2
공기계 셀프개통 선불유심 신청 절차,2
외장하드 이상한 소리가 나면서 안 될 때,2
기계식 키보드 로지텍 SIGNATURE K855 스마트 액션 업무 효율 업,2
"아이폰 12, 12프로 배터리 공용 + 교체 비용 동일!",2
물걸레 로봇청소기 추천 나르왈 프레오Z울트라 후기,2
구글 이미지 검색 구글링 Google 렌즈 사용법,2
"인스타 로그인 위치 확인 및 원격 로그아웃, 알림 설정 및 해제 방법",2
경영정보시각화 실기 태블로 벼락치기 데이터분석시각화,2
아이폰16 프로 케이스 슈피겐으로 맥세이프에 AR 강화유리까지,2
편의점 선불유심 종류 및 개통 방법 정리,2
애플워치 10 vs 애플워치 9 스펙 비교,2
"수직촬영거치대 마이마인 삼각대, 항공샷 촬영 후기",2
워치 보다 스마트 밴드 화웨이 밴드9 웨어러블로 추천 사용기.,2
헬로모바일 선불유심 개통 절차 간단해요,2
"""입냄새 고민"" 오랄비 전동칫솔 iO10으로 스마트하게 관리해 보자.",2
초고속인터넷 설치 KT SK LG 현금사은품 많이 받는 방법 추천,2
KT선불유심 요금제 찾는 이유 자가 개통 3분 정리,2
엑셀 달력 만들기 함수 사용 및 챗gpt로 쉽게 만드는 방법,2
휴대폰 성지 사이트 진짜 싸게 파는 곳 정보,2
핸드폰 성지 사이트 가격비교 제대로 하는 법,2
"27인치 게이밍 모니터 크기 QHD 해상도 후기, 카멜 CM2720GIQ",2
선불유심칩 셀프 개통 방법,2
"고급형 무소음 트랙볼 마우스, 로지텍 MX ERGO S 써보니",2
KT선불유심 개통 업무용 핸드폰으로 옳은 선택인 이유,2
아이폰16 프로 데저트 티타늄 언박싱 후기,2
키크론 K10 MAX 키저화 풀배열 기계식키보드 사용기,2
풀무원 김치 냉장고 추천 148L 소형 미니 냉동고 겸용,2
"키크론 K10 PRO MAX 풀배열 사무용 사무실 올인원 기계식 키보드, 저소음 화이트 백축",2
삼성전자 갤럭시북3 360 대학생노트북 추천!,2
사진 콜라주 만들기 & 포토샵 콜라주 만드는 방법,2
건담 프라모델 RG 퍼스트 건담 2.0 조립해 보니 건프라 추천 명품킷 인정,2
네스트아웃 가벼운 보조배터리 캠핑랜턴 조합 야외활동 필수품,2
커널형 고음질 무선 이어폰 액센 N700 사용후기,2
싸이월드 사진첩 복원 방법 최근 근황 망했나?,2
스팸 전화 스팸 문자 차단 및 관리하는 방법,2
무선 와이파이 공유기 추천 아이피타임 AX6000M wifi6 지원.(비밀번호 설정 및 초기화 방법 포함),2
삼성 M7 삼탠바이미 43인치 거치대 추천 직접 설치,2
SKT 핸드폰 요금 미납 정지 선불유심은 단말기 그대로,2
가정용 단초점 빔프로젝터 추천 뷰소닉 VX550-4K 설치 넷플릭스 시청 게이밍 후기,2
MSDS 뜻 알아보기: 물질 안전 보건 자료 검색 방법 한눈에 보기,2
갤럭시 S21 FE 스펙 특징,2
자급제 SKT 휴대폰 유저들에게 필요한 T올케어 플러스5 스위치,2
데모 뜻 의미 특징 예시 알아보기,2
엘레컴 인체공학 하프버티컬 마우스 추천 M-XG30DBSK 사용 후기,2
아이폰16 프로 케이스 강력한 맥세이프에 내구성까지 갖춘 나하로,2
15인치 사무용 노트북 추천 에이수스 비보북 ASUS Vivobook S 15 OLED(S5507QA) 후기,2
공폰 유심 개통하는 방법 및 요점 정리,2
옷장관리 제습 탈취 향기를 한번에 미니의류관리기 라비킷 스타일킷,2
유플러스 선불유심 정확한 개통 방법 알아보기,2
엑셀 INDEX MATCH 함수 활용 및 REF 오류 해결법,2
"아이폰16 프로 256GB 블랙 색상, 직접 수령 리뷰",2
벤큐 32인치모니터 PD3225U 맥북 사용자를 위한 솔루션,2
아이폰 16 프로 블랙 티타늄 언박싱 첫인상 후기 - 나의 15번째 아이폰,2
채팅플러스 끄기 문자메세지 수신확인 1표시 갤럭시 채팅+ 문자 읽음확인,2
쉽게 배우는 릴스 만드는 법,2
"LG 퓨리케어 얼음정수기를 추천하는 이유, 그리고 시원한 레시피",2
"끝판왕 모니터암 어고트론 HX, 견고한 마감과 고급 진 디자인",2
KT선불요금제 무제한도 부담 없이 선택하자,2
아이폰 16 프로 출시 보호력 뛰어난 케이스는? 케이스티파이 추천,2
프리미어프로 오류 렉 걸릴 때 램 용량 올리는 법 (윈도우11 기준),2
에어팟 맥스2 미출시 리뉴얼 알아보기,2
"유튜브 프리미엄 우회 결제 2024 가나 가입, 대안 정리",2
SCDKEY로 저렴하게 윈도우 10/11 정품 라이선스 구매하는 방법,2
박스케이터링 부터 VIP 출장케이터링까지 기업 케이터링24,2
"아이폰16 PRO 차이 가격, 색상은 어떨까? 카메라 컨트롤 버튼 기능까지!",2
순천 휴대폰 성지 시세표 비교하고 싸게 사는 법,2
경주 휴대폰 성지 시세표 핸드폰 이중할인 꼼꼼하게 받기,2
아이폰 VPN 설정 ExpressVPN으로 아이패드에서도 안전 우회하세요!,2
PC 모바일 인스타 계정 삭제 하는법 인스타그램 비활성화 차이는?,2
아이폰 ios18 업데이트 통화녹음 기능 사파리 광고차단 제어센터 후기,2
엑셀 빼기 함수 IMSUB로 뺄셈 수식 활용하기,2
KT 선불유심 셀프개통 신청 방법 정리,2
물걸레 로봇청소기 추천 노이시스 플로리오 F10 Pro 물걸레 교체가 자동,2
"27인치모니터, 삼성전자 S27B610 S61B IPS 멀티스탠드 피벗모니터 리뷰",2
카카오톡 환불머니 숨겨진 돈 환불 신청방법,2
광고전화차단 카카오톡으로 1분 만에 해결,2
엑셀 hlookup 함수 사용법 및 n/a 오류 해결 요약,2
아이폰16 한국 출시일 사전예약 싸게 하는 방법,2
앤텔레콤 태블릿 소유자 회원 번호 2366779 당일 개통 승인 코드,2
아이폰15프로 256 출고가 줄이는 꿀팁,2
기계식 키보드 블랙 다이아몬드 75 람보르기니 아벤타도르의 영혼을 담은 게이밍 키보드,2
디즈니플러스 멤버십 가격 할인 방법 통신사 할인보다 저렴하게,2
포토샵 레이어 복사 / 합치기 / 효과 복사 (기초),2
갤럭시탭 S10 출시일 스펙 디자인 정리 기대감 상승,2
휴대폰 연체 대처 방안으로 선불유심 사용 방법,2
물걸레 로봇청소기 추천 걸레 세척 필요 없는 노이시스 플로리오,2
아이폰 16 프로맥스 화이트 블랙 색상 스펙 성능 가격 할인,2
구로 나스 서버 데이터 살리기,2
테스트잇 인생키워드 테스트 난 화이트! (mbti 결과 O),2
파주 휴대폰 성지 핸드폰 저렴하게 사려면,2
춘천 휴대폰 성지 핸드폰 이중할인 제대로 챙기려면,2
여주 휴대폰 성지 시세표 핸드폰 저렴하게 득템하려면,2
usb 인식 불가 복구 현명한 선택,2
디도스 뜻 특징 및 종류 알아보기,2
삼성 외장하드 복구 생존기 용산에서,2
아이폰16 출시일 디자인 색상 추천 ESIM 알뜰폰 요금제,2
무소음 스텐팟 가열식 가습기 추천 대용량 자동세척 25년형 사용기,2
KALS 2024에서 만난 뷰소닉 LX700-4K RGB와 X2-4K Pro 빔프로젝터!,2
조용한 사무실에서 최적인 필립스 무선 키보드 마우스 세트,2
인식 불가 외장하드 고치는 방법,2
가성비 사무용 노트북 추천 베이직북 14 3세대 후기,2
핸디형 무선 진공청소기 다룸 무선청소기 추천,2
아이폰XS 액정교체 자가 수리할 때 비용 아끼려고 LCD 인셀 액정 사용하면 이렇게 됩니다.(비용 두 배),2
"갤럭시 S25 울트라 '역대급' 디자인에... ""화들짝 놀랄 듯?""",2
알뜰폰 선불요금제 개통 앤텔레콤으로 하는법,2
"아이폰 iOS18 업데이트, 핵심 신기능 10가지 변화와 설정 방법",2
"휴대용 미니 카메라, 코닥 메모샷 ERA 활명수 콜라보 에디션으로 다꾸만들기",2
화이트해커 뜻 특징 및 역할 알아보기,2
네이버 클립 만들기 편집 방법 부터 삭제 블로그 조회수 늘리는 활용법 총정리,2
클레버타키온 멀티충전기 GM100 PD 100W 실사용기,2
스틸시리즈 Aerox 3 Wireless 20년 역사 게이밍 기어 브랜드 무선 마우스 사용후기,2
"COX MAST CK80 폼떡 도각도각 레트로 기계식키보드, VIA까지",2
AI 이미지 만들기 생성형 AI 기능 활용하여 이미지 생성하고 어도비 스톡에 등록하는 방법,2
워터마크 만들기 & 사진에 워터마크 넣기 ft. 포토샵,2
아이폰 후면유리 파손 사설 수리 장점과 단점,2
네이버클립 소상공인 숏폼 마케팅 필수 레뷰,2
애플워치 배경화면 만들기 및 움직이는 배경화면 ft. 포토샵,2
QCY HT10 Hi-Res ANC APP 블루투스이어폰 큐시와이 사용 후기,2
애플 애플워치 10 스펙 가격 디자인 및 사전예약 정보,2
아이폰 카카오톡 테마 무료 핑크 키티 카톡테마 다운 적용법,2
LG 선불유심 편의점 유심 구매 후 셀프개통,2
QC 뜻 실제 사례 및 장단점 알아보기,2
씽크웨이 토체프301 유무선 기계식키보드 데스크룩 강추,2
블루투스 뜻 종류 장단점 알아보기,2
선불유심 개통 방법 셀프 절차 정리,2
모빌리티 뜻 특징 및 기술인력 사례 알아보기,2
"아마존 판매1위 ""아이워크"" 보조배터리 리뷰",2
추석 인사말 문구 명절 문자 고민 없이 보내는 방법,2
다모샤크 M3-4K 4000Hz 전송속도에 초경량으로 가벼운 무선 게이밍 마우스 사용후기,2
아이폰 16 통신사별 사전예약 혜택 어디가 좋을까?,2
헤리티지 뜻 종류 및 특징 알아보기,2
아트뮤 20000 PD 30W 초고속 대용량 보조배터리 사용 후기,2
맥북 프로 배터리 교체 A1502 모델 터지기 직전 모습,2
아이폰 11프로 액정수리 고객 고소 사례,2
홍대아이폰수리 센터중 당일수리 고집하는 곳,2
"레이저 울버린 Wolverine V3Pro 엑스박스 스팀 패드, 하이엔드 게이밍 컨트롤러 리뷰",2
윈도우 사용자 이름 계정 변경 방법,2
통신비 연체 걱정없이 당일 개통하기,2
애플 아이폰16 출시일 사전예약 스팩 색상 총정리,2
아이폰 16 출시 프로/맥스 vs 일반/플러스 사전예약 기간 어떤 모델을 선택해야 할까?,2
애자일 뜻 특징 및 장단점 알아보기,2
골전도 블루투스 이어폰 단점 극복 샥즈 오픈런 프로 2 후기,2
[그립감 G.O.A.T] RAWM SA-SH01 PRO 8K 게이밍 마우스 리뷰,2
"가정용 홈오피스 잉크젯프린터, 브라더 DCP-T426W 화이트 에디션 리뷰",2
가성비 무선이어폰 블루투스 빌보드 BL-TWS001,2
ACP 자격증 할인 및 프리미어 프로 영상 편집 배우기,2
슬룸 허리편한케어 올릿 리테일 허리 안마기 시원하게 스트레칭해요,2
한성컴퓨터 TFG EX Wireless Pro 충전독이 포함된 국내산 무선 게이밍 마우스 사용후기,2
스포츠 골전도 블루투스 이어폰 추천 에이투 본5 골전도이어폰 후기,2
KT닷컴 아이폰 16 사전예약 혜택 Pro 프로 디자인 색상 가격 카메라 컨트롤 버튼,2
SKT 아이폰 16 사전 예약하고 넷플릭스 워치 키트 사은품으로 받아볼까?,2
아이폰16 실물 프로맥스 자급제 사전예약 가격 할인 정리!,2
아이폰16 사전예약 혜택 가격 할인 구매 방법,2
SSL 인증 뜻 특징 및 차이점 알아보기,2
예쁜 주방 꾸미기 화이트 인테리어 전기레인지 쿠쿠 인덕션 3구 사용법,2
아이폰16 자급제 프로 사전예약 구매 성공 방법,2
애플워치10 디자인 가격 핵심 기능은?,2
샥즈(SHOKZ) 완전 오픈형 골전도 블루투스 이어폰 오픈런 프로 2 추천 사용기.,2
큐알코드 만들기 네이버 QR코드 생성하기,2
쿠버네티스 뜻 기능 특징 및 활용법 알아보기,2
인스타 좋아요 구매 성장 셀프 후기,2
무아스 LED 와이드스탠드 업무용 책상스탠드로 제격,2
아이폰16 성능 및 모델별 스펙 정보,2
당진 휴대폰 성지 핸드폰 시세표 조회 및 비교,2
갤럭시 s24 울트라 공시지원금 상승 2배로 싸게 사는 법,2
외장하드 인식 불가 데이터 복구 여기서 해결,2
게이밍 키보드 스카이디지털 NKEY8K 저소음을 위한 선택,2
엑셀 파일 PDF 변환 가능한 무료 PDF 변환기,2
구글 로그인 계정 삭제 : 복구 방법은,2
티빙 앱 다운로드 기능 사용 방법. 비행기에서 오프라인 재생 가능,2
하드 복구에서 맨 처음 해야 할 일,2
인물 사진 잔머리 보정 머리카락 지우기 포토샵 제거도구로 쉽게,2
트위터 x 탈퇴(계정 비활성화) 하는 방법 및 알람 끄기,2
애플뮤직 6개월 무료 등록 사용후기 (feat. 가격 및 해지하는법),2
캘리그라피 연습 배우기 포토샵 기능으로 다양하게 디자인해보기,2
보스 스피커 사운드 링크 플렉스 블루투스 스피커 추천 휴대용으로 탁월,2
컴퓨터 윈도우 10 화면 녹화 단축키 활용방법,2
아이폰 갤럭시 긴급 재난문자 알림 끄기 켜기 및 알림 확인 방법,2
hosts 파일 수정 유튜브 차단 방법,2
아이폰 뒷면깨짐 당일 후면수리 가능한 곳,2
송파 휴대폰 성지 핸드폰 온라인 통해 찾는 법,2
앤텔레콤 선불 유심 즉석 개통 꿀팁 대공개,2
네이버 음으로 노래찾기 방법,2
"한글 페이지 삭제 추가 복사 번호 매기기, 단축키 활용법까지",2
앤텔레콤 선불유심 셀프 개통 방법 정리,2
앤텔레콤 충전 방식 개통 방법 요약정리,2
공기청정기 추천 미로 MSP20UV 공기살균기 가정IoT제품 H13헤파필터,2
구리 휴대폰 성지 시세 비교하고 핸드폰 저렴하게 사는팁,2
제주 휴대폰 성지 가서 최신 핸드폰 0원에 개통,2
알뜰할인 및 아이패드 증정 혜택 챙기며 하는 인터넷TV 가입 오직 KT닷컴에서만,2
마산 휴대폰 성지 시세표 비교 핸드폰 싸게사는법,2
대전선불폰 유플러스 알뜰폰 셀프 개통,2
모토로라 보급형 스마트폰 최신 핸드폰 추천 moto g54 5G 후기,2
포토샵 기초 기능으로 초간단 전자책 표지 디자인 만들기,2
네이버 클로바 더빙 사용법: 텍스트를  음성으로 변환,2
가정용 무한잉크복합기 캐논 G6090 무선 WiFi와 자동 양면인쇄 지원으로 편리성을 높이다,2
커스텀 텐키리스 키보드 투명키캡 K75 RGB 내돈내산 후기,2
챗 gpt 유료 가격 할인 방법 - 고잉버스!,2
"2023 M2 맥미니 기본형 리뷰, 영상 렌더링 M1 대비 얼마나 좋아졌을까?",2
안드로이드 빔 프로젝터 HY350 사용 후기 비교 리뷰,2
"갤럭시 S24 울트라 가격 스펙 및 기능, 전환지원금으로 매력 강화!",2
공공기관과 공기업의 디지털전환 원격지원 리모트콜로 보안과 에러 해결,2
이천선불폰 쉽고 빠른 유심칩 개통 절차,2
하남선불폰 엘지U플러스 알뜰폰 개통,2
lg u플러스 tv 인터넷 재약정(KT SK 엘지유플러스 약정 연장 재가입 비교 계약 만료 혜택 상품권),2
광주 가구 전문점 가구톡 세상 광주점 최대 70% 혜택받으러 다녀왔어요,2
외장하드 추천 도시바 Canvio Advance 2세대 외장하드 2TB,2
안정적인 타건음을 가진 키크론 K14 레트로 적축 사용 리뷰,2
억스 모니터 받침대 데스크테리어 스탠드 공간 활용 후기,2
울산선불폰 한국단기유심 비대면 개통,2
포토샵 사진 보정 머리카락 여백 잔머리 없애기 방법,2
한글 2020 무료설치 방법 및 한컴독스 사용하기 맥북 맥도 가능,2
적축 유선 게이밍 기계식 키보드 다양한 LED모드 에이투 AG0302,2
갤럭시 wide5 스펙 정보 알아보기,2
갤럭시 a시리즈 종류별 성능 정리,2
특별기획전 알리익스프레스 서울 상륙! 지하철광고,2
"방송용 USB 콘덴서 마이크 조이트론 마에스트, 유튜브, 홈레코딩에 딱인데?",2
모토로라 엣지 30 자급제폰으로 훌륭한 이유,2
기본 갤럭시 카메라 무음 설정 소리 끄기 방법 (동영상도 OK),2
책상용 탁상용 공기청정기 추천 휴대용에 노필터라 좋아요,2
갤럭시S22 울트라 보호 필름과 강화유리로 액정과 카메라를 안전하게,2
15인치 고성능 노트북 추천 삼성 갤럭시북 NT750XDA-X71A,2
"갤럭시 a53 자급제 크기 및 스펙 비교(어썸 블루, 화이트, 블랙)",2
홈택스 공인인증서인 사업자 공동인증서 당일 발급 어디서?,2
"적축 게이밍키보드 추천, 스틸시리즈 Apex 7",2
